RaceID,HorseID,HorseRank
2016-328,T267,12
2016-328,A082,9
2016-328,V084,10
2016-328,V011,3
2016-328,S442,7
2016-328,V117,6
2016-328,P085,4
2016-328,V273,11
2016-328,S329,2
2016-328,S098,5
2016-328,T157,8
2016-328,A009,1
2016-329,S303,12
2016-329,P145,3
2016-329,T314,11
2016-329,T031,8
2016-329,P421,10
2016-329,N443,2
2016-329,S407,5
2016-329,V212,1
2016-329,S335,9
2016-329,P256,4
2016-329,T391,6
2016-329,T113,7
2016-330,T390,10
2016-330,V101,5
2016-330,V131,8
2016-330,A136,2
2016-330,V192,7
2016-330,P439,12
2016-330,V053,11
2016-330,T426,1
2016-330,T369,3
2016-330,V279,9
2016-330,T406,4
2016-330,T046,6
2016-331,V130,10
2016-331,T099,7
2016-331,S172,4
2016-331,T412,8
2016-331,S240,3
2016-331,N193,12
2016-331,S091,5
2016-331,T210,11
2016-331,S436,9
2016-331,V138,2
2016-331,A051,1
2016-331,T196,6
2016-332,S260,6
2016-332,S199,5
2016-332,T305,1
2016-332,T098,8
2016-332,V181,7
2016-332,S109,9
2016-332,S225,3
2016-332,A132,2
2016-332,T188,4
2016-332,S242,10
2016-332,T163,11
2016-333,T400,8
2016-333,P310,11
2016-333,P359,10
2016-333,T374,4
2016-333,P278,9
2016-333,N236,7
2016-333,T248,2
2016-333,P361,5
2016-333,V052,6
2016-333,T216,3
2016-333,V307,1
2016-334,V317,10
2016-334,T133,9
2016-334,T161,8
2016-334,T429,1
2016-334,S389,6
2016-334,V141,5
2016-334,S251,3
2016-334,V144,4
2016-334,N156,11
2016-334,V088,2
2016-334,P208,7
2016-335,V306,3
2016-335,A018,9
2016-335,N387,11
2016-335,V157,5
2016-335,V230,2
2016-335,T346,4
2016-335,S405,8
2016-335,S301,6
2016-335,P422,1
2016-335,V318,12
2016-335,A017,10
2016-335,V377,7
2016-336,A011,9
2016-336,V127,10
2016-336,T110,11
2016-336,T418,8
2016-336,V205,6
2016-336,A049,2
2016-336,A081,4
2016-336,V044,12
2016-336,T350,3
2016-336,V398,1
2016-336,T059,5
2016-336,V390,7
2016-337,A014,14
2016-337,V335,12
2016-337,S303,13
2016-337,T347,9
2016-337,S346,3
2016-337,N309,11
2016-337,S127,8
2016-337,P436,10
2016-337,V320,7
2016-337,V038,2
2016-337,V316,1
2016-337,V156,6
2016-337,N432,5
2016-337,T223,4
2016-338,T373,9
2016-338,V269,6
2016-338,S216,11
2016-338,S142,10
2016-338,V093,2
2016-338,A089,7
2016-338,T138,4
2016-338,V070,8
2016-338,T050,5
2016-338,T184,3
2016-338,V288,1
2016-338,V299,12
2016-339,V321,10
2016-339,P297,11
2016-339,T100,8
2016-339,T201,3
2016-339,V114,4
2016-339,T202,5
2016-339,V243,12
2016-339,T181,1
2016-339,V282,9
2016-339,S218,6
2016-339,V089,2
2016-339,V040,7
2016-339,A101,13
2016-339,V401,14
2016-340,T262,9
2016-340,V151,1
2016-340,V014,7
2016-340,A039,8
2016-340,S280,10
2016-340,T302,3
2016-340,A097,5
2016-340,V071,2
2016-340,S439,4
2016-340,P099,12
2016-340,V340,11
2016-340,T062,6
2016-341,V126,2
2016-341,S349,6
2016-341,A073,8
2016-341,S428,4
2016-341,V207,14
2016-341,T397,7
2016-341,A141,5
2016-341,V362,10
2016-341,S266,11
2016-341,V361,9
2016-341,T349,3
2016-341,V240,12
2016-341,V397,1
2016-341,V290,13
2016-342,V125,5
2016-342,A096,8
2016-342,S244,12
2016-342,S147,11
2016-342,V118,10
2016-342,T112,7
2016-342,S414,9
2016-342,V051,13
2016-342,S245,6
2016-342,A111,14
2016-342,T281,3
2016-342,V050,4
2016-342,A113,2
2016-342,A002,1
2016-343,V142,1
2016-343,S015,9
2016-343,V166,2
2016-343,V077,5
2016-343,T268,7
2016-343,T234,10
2016-343,T342,3
2016-343,T370,6
2016-343,P158,8
2016-343,A154,12
2016-343,T306,4
2016-343,T315,11
2016-344,S193,11
2016-344,P344,4
2016-344,S409,1
2016-344,S389,2
2016-344,N294,10
2016-344,M255,12
2016-344,T295,3
2016-344,V032,7
2016-344,V091,8
2016-344,T063,6
2016-344,V009,5
2016-344,V155,9
2016-345,P128,11
2016-345,P132,14
2016-345,P130,12
2016-345,T068,6
2016-345,T233,4
2016-345,P286,10
2016-345,S050,8
2016-345,T253,2
2016-345,T089,5
2016-345,N192,13
2016-345,V060,7
2016-345,V061,3
2016-345,S205,1
2016-345,S074,9
2016-346,T248,1
2016-346,S156,5
2016-346,T103,7
2016-346,T309,3
2016-346,T005,4
2016-346,V057,6
2016-346,S110,8
2016-346,T009,2
2016-347,V231,3
2016-347,T364,10
2016-347,T359,1
2016-347,V226,8
2016-347,V022,5
2016-347,V001,2
2016-347,A046,7
2016-347,V198,11
2016-347,N426,9
2016-347,S055,6
2016-347,V271,12
2016-347,T132,4
2016-348,A083,11
2016-348,V389,9
2016-348,V202,7
2016-348,V255,12
2016-348,S329,4
2016-348,P185,2
2016-348,A007,5
2016-348,S299,10
2016-348,S277,1
2016-348,S096,8
2016-348,A010,3
2016-348,T091,6
2016-349,V045,13
2016-349,T187,12
2016-349,S023,10
2016-349,V369,14
2016-349,M339,11
2016-349,V069,7
2016-349,T417,2
2016-349,T213,6
2016-349,T363,5
2016-349,P267,9
2016-349,S343,3
2016-349,T411,1
2016-349,V217,4
2016-349,T236,8
2016-350,S187,13
2016-350,P044,7
2016-350,S328,10
2016-350,T283,1
2016-350,S131,8
2016-350,V291,2
2016-350,P425,3
2016-350,V177,12
2016-350,S376,14
2016-350,T413,5
2016-350,T045,9
2016-350,S339,6
2016-350,P439,11
2016-350,N111,4
2016-351,V099,5
2016-351,V412,8
2016-351,V187,6
2016-351,T423,9
2016-351,V406,10
2016-351,S204,11
2016-351,T402,4
2016-351,A114,2
2016-351,T171,3
2016-351,T186,7
2016-351,V287,1
2016-352,V220,13
2016-352,V385,9
2016-352,T073,4
2016-352,V392,8
2016-352,V312,14
2016-352,V308,5
2016-352,A084,7
2016-352,A057,1
2016-352,S399,12
2016-352,A124,6
2016-352,A086,11
2016-352,V107,10
2016-352,A064,2
2016-352,V396,3
2016-353,V084,11
2016-353,T401,3
2016-353,V365,10
2016-353,T320,4
2016-353,V042,12
2016-353,V147,9
2016-353,V182,8
2016-353,A061,5
2016-353,V024,1
2016-353,P357,13
2016-353,V305,7
2016-353,V154,2
2016-353,T265,6
2016-353,V295,14
2016-354,V015,14
2016-354,T339,10
2016-354,T022,12
2016-354,T274,7
2016-354,S070,1
2016-354,S051,13
2016-354,V161,2
2016-354,V063,3
2016-354,S032,9
2016-354,T393,4
2016-354,V141,6
2016-354,L247,8
2016-354,V334,11
2016-354,T123,5
2016-355,V388,2
2016-355,V011,5
2016-355,V037,6
2016-355,V309,4
2016-355,T381,7
2016-355,V313,13
2016-355,S011,11
2016-355,S028,8
2016-355,V418,12
2016-355,P287,9
2016-355,V252,10
2016-355,V375,14
2016-355,V026,1
2016-355,V081,3
2016-356,A146,1
2016-356,A026,13
2016-356,T422,4
2016-356,T326,5
2016-356,V260,6
2016-356,A029,7
2016-356,V329,14
2016-356,S323,2
2016-356,T027,9
2016-356,T062,3
2016-356,T380,12
2016-356,A005,8
2016-356,A012,11
2016-356,V302,10
2016-357,P396,4
2016-357,V235,12
2016-357,T365,1
2016-357,A092,9
2016-357,T099,8
2016-357,V135,2
2016-357,A038,14
2016-357,A037,7
2016-357,V130,11
2016-357,V352,3
2016-357,A074,10
2016-357,A100,5
2016-357,T331,6
2016-357,V371,13
2016-358,T198,9
2016-358,T197,14
2016-358,S332,3
2016-358,T230,2
2016-358,T098,12
2016-358,P230,5
2016-358,S093,4
2016-358,V184,8
2016-358,S083,11
2016-358,S380,10
2016-358,V246,1
2016-358,T094,13
2016-358,S260,7
2016-358,V133,6
2016-359,A110,5
2016-359,V059,8
2016-359,A024,10
2016-359,V356,2
2016-359,T400,11
2016-359,S352,3
2016-359,V080,6
2016-359,S191,12
2016-359,V344,1
2016-359,T293,7
2016-359,V300,13
2016-359,T358,4
2016-359,S054,14
2016-359,V034,9
2016-360,V082,2
2016-360,V410,8
2016-360,V380,3
2016-360,A025,6
2016-360,V325,5
2016-360,A093,4
2016-360,V214,10
2016-360,A041,14
2016-360,A129,9
2016-360,T305,7
2016-360,V381,11
2016-360,A134,12
2016-360,A091,13
2016-360,A090,1
2016-361,V121,12
2016-361,A098,9
2016-361,T354,14
2016-361,A138,7
2016-361,A066,5
2016-361,S298,4
2016-361,T087,2
2016-361,V270,13
2016-361,A116,3
2016-361,V310,6
2016-361,V150,10
2016-361,T348,11
2016-361,S278,8
2016-361,V092,1
2016-362,T356,3
2016-362,M273,4
2016-362,S413,7
2016-362,P105,9
2016-362,N265,8
2016-362,S087,5
2016-362,V144,2
2016-362,S367,1
2016-362,P064,11
2016-362,S432,10
2016-362,V129,6
2016-363,P088,2
2016-363,S351,11
2016-363,S050,6
2016-363,T161,7
2016-363,P168,9
2016-363,T287,12
2016-363,T203,8
2016-363,V227,5
2016-363,T002,4
2016-363,S202,1
2016-363,T288,10
2016-363,P293,3
2016-364,V183,10
2016-364,A111,9
2016-364,T146,6
2016-364,T409,1
2016-364,T369,2
2016-364,V188,7
2016-364,T109,8
2016-364,T416,3
2016-364,S023,5
2016-364,T363,4
2016-365,P257,11
2016-365,T346,7
2016-365,V127,8
2016-365,V031,5
2016-365,T054,9
2016-365,V143,4
2016-365,T140,1
2016-365,S402,12
2016-365,V216,10
2016-365,T324,3
2016-365,V197,2
2016-365,S291,6
2016-366,S121,10
2016-366,S326,3
2016-366,V171,12
2016-366,N186,5
2016-366,T160,2
2016-366,V212,1
2016-366,P423,9
2016-366,V117,6
2016-366,S078,7
2016-366,S148,8
2016-366,T223,4
2016-366,V263,11
2016-367,V367,7
2016-367,S241,8
2016-367,V286,12
2016-367,S104,5
2016-367,V315,9
2016-367,V347,6
2016-367,V200,1
2016-367,V021,4
2016-367,V303,3
2016-367,V417,2
2016-367,A052,11
2016-367,P121,10
2016-368,T193,7
2016-368,T256,11
2016-368,T424,12
2016-368,T095,6
2016-368,S147,10
2016-368,S382,9
2016-368,P373,8
2016-368,T183,2
2016-368,V186,3
2016-368,V019,4
2016-368,S221,5
2016-368,T353,1
2016-369,S419,9
2016-369,N033,8
2016-369,S203,5
2016-369,P212,7
2016-369,V370,11
2016-369,T218,12
2016-369,T200,10
2016-369,T357,1
2016-369,T372,3
2016-369,T405,4
2016-369,A022,6
2016-369,V387,2
2016-370,T192,1
2016-370,P210,3
2016-370,V372,11
2016-370,T188,4
2016-370,V013,12
2016-370,P363,9
2016-370,T311,7
2016-370,S162,10
2016-370,S253,6
2016-370,S242,8
2016-370,V008,2
2016-370,S109,5
2016-371,V108,11
2016-371,V224,8
2016-371,P420,10
2016-371,S150,3
2016-371,S124,7
2016-371,V317,9
2016-371,T436,6
2016-371,S441,14
2016-371,N156,13
2016-371,T429,1
2016-371,V141,5
2016-371,T079,4
2016-371,V027,2
2016-371,P066,12
2016-372,M148,3
2016-372,S244,12
2016-372,S344,7
2016-372,N248,5
2016-372,V323,2
2016-372,T292,13
2016-372,V291,1
2016-372,V025,9
2016-372,V114,4
2016-372,V185,10
2016-372,V044,14
2016-372,V122,11
2016-372,V346,8
2016-372,S346,6
2016-373,P436,10
2016-373,V035,2
2016-373,T105,1
2016-373,P151,3
2016-373,T108,5
2016-373,T056,6
2016-373,T232,7
2016-373,N177,11
2016-373,V189,13
2016-373,N309,12
2016-373,V213,8
2016-373,P272,9
2016-373,V354,14
2016-373,V048,4
2016-374,S143,6
2016-374,T211,5
2016-374,T235,3
2016-374,T179,1
2016-374,S398,4
2016-374,S206,7
2016-374,V080,8
2016-374,P069,2
2016-375,V409,14
2016-375,A082,12
2016-375,V259,11
2016-375,V414,13
2016-375,S405,8
2016-375,V081,5
2016-375,V355,4
2016-375,V102,6
2016-375,P422,2
2016-375,V399,1
2016-375,T018,7
2016-375,V398,3
2016-375,A122,9
2016-375,A075,10
2016-376,V153,1
2016-376,P361,3
2016-376,S010,7
2016-376,P310,12
2016-376,S235,5
2016-376,T396,10
2016-376,T419,9
2016-376,P214,11
2016-376,T011,14
2016-376,T374,2
2016-376,A065,13
2016-376,T051,8
2016-376,T171,4
2016-376,V066,6
2016-377,T373,11
2016-377,V339,3
2016-377,A023,13
2016-377,A089,12
2016-377,A008,1
2016-377,A067,4
2016-377,V199,6
2016-377,S276,7
2016-377,T421,8
2016-377,V207,14
2016-377,A050,2
2016-377,T286,10
2016-377,A133,9
2016-377,S347,5
2016-378,V166,1
2016-378,V128,4
2016-378,T116,7
2016-378,T245,5
2016-378,P158,8
2016-378,S284,3
2016-378,S212,2
2016-378,P359,9
2016-378,V057,6
2016-379,P303,1
2016-379,V110,3
2016-379,V167,8
2016-379,S117,11
2016-379,T301,6
2016-379,P192,7
2016-379,S217,10
2016-379,T148,12
2016-379,V083,4
2016-379,S411,5
2016-379,S391,2
2016-379,P270,9
2016-380,T189,3
2016-380,A072,12
2016-380,V327,2
2016-380,T184,5
2016-380,V151,1
2016-380,A001,13
2016-380,V378,11
2016-380,P400,9
2016-380,V076,8
2016-380,V405,10
2016-380,T176,7
2016-380,V311,14
2016-380,V267,6
2016-380,V071,4
2016-381,A003,4
2016-381,S199,5
2016-381,A113,2
2016-381,V140,3
2016-381,V192,7
2016-381,V407,9
2016-381,A002,1
2016-381,S146,13
2016-381,V242,14
2016-381,V020,11
2016-381,T117,10
2016-381,A115,12
2016-381,T376,8
2016-381,V279,6
2016-382,V203,1
2016-382,T267,12
2016-382,S047,10
2016-382,T401,4
2016-382,A107,2
2016-382,A144,6
2016-382,T073,7
2016-382,V145,11
2016-382,T387,3
2016-382,N317,9
2016-382,T415,5
2016-382,P287,8
2016-383,P354,12
2016-383,S354,1
2016-383,V036,8
2016-383,V061,3
2016-383,S205,4
2016-383,S423,5
2016-383,V039,10
2016-383,P070,9
2016-383,N416,2
2016-383,P324,11
2016-383,P405,6
2016-383,P415,7
2016-384,V216,9
2016-384,T431,4
2016-384,S231,12
2016-384,T336,5
2016-384,V258,11
2016-384,N432,6
2016-384,T368,1
2016-384,S073,3
2016-384,S133,7
2016-384,S121,8
2016-384,T314,10
2016-384,T385,2
2016-385,T378,10
2016-385,V215,7
2016-385,S335,8
2016-385,T110,11
2016-385,V296,6
2016-385,V273,12
2016-385,V260,9
2016-385,S407,3
2016-385,S417,1
2016-385,T201,4
2016-385,P256,2
2016-385,T418,5
2016-386,S277,2
2016-386,N409,11
2016-386,S130,7
2016-386,S425,8
2016-386,T031,5
2016-386,V319,12
2016-386,S442,9
2016-386,V116,10
2016-386,N443,3
2016-386,V146,1
2016-386,V021,4
2016-386,T157,6
2016-387,T138,5
2016-387,S204,12
2016-387,S240,7
2016-387,A140,10
2016-387,V371,11
2016-387,S436,8
2016-387,V138,2
2016-387,T196,6
2016-387,T302,4
2016-387,P396,3
2016-387,A051,1
2016-387,T334,9
2016-388,S362,11
2016-388,S014,9
2016-388,V181,3
2016-388,N342,6
2016-388,M085,12
2016-388,V126,2
2016-388,P278,5
2016-388,T358,4
2016-388,P355,10
2016-388,T163,7
2016-388,V287,1
2016-388,S275,8
2016-389,V301,7
2016-389,T159,10
2016-389,P212,8
2016-389,V408,12
2016-389,V368,11
2016-389,V123,9
2016-389,T055,3
2016-389,T391,5
2016-389,T411,1
2016-389,T406,2
2016-389,T379,6
2016-389,S225,4
2016-390,V129,6
2016-390,V032,7
2016-390,V063,3
2016-390,T356,5
2016-390,S320,2
2016-390,S440,12
2016-390,S070,1
2016-390,S150,4
2016-390,T266,8
2016-390,T339,9
2016-390,V334,10
2016-390,T022,11
2016-391,P422,2
2016-391,S367,1
2016-391,A056,8
2016-391,A031,9
2016-391,T345,7
2016-391,V238,13
2016-391,A018,11
2016-391,T285,3
2016-391,T154,14
2016-391,V306,4
2016-391,A053,10
2016-391,A081,12
2016-391,A204,5
2016-391,A102,6
2016-392,N405,5
2016-392,A101,8
2016-392,V274,7
2016-392,P120,9
2016-392,S426,4
2016-392,N360,1
2016-392,V226,6
2016-392,V022,2
2016-392,V376,3
2016-392,P205,10
2016-393,V324,9
2016-393,T423,13
2016-393,V001,3
2016-393,T181,1
2016-393,A034,14
2016-393,T202,6
2016-393,S098,7
2016-393,A146,10
2016-393,V243,11
2016-393,T381,4
2016-393,T412,12
2016-393,S323,8
2016-393,A061,2
2016-393,T100,5
2016-394,V176,13
2016-394,S414,11
2016-394,V265,7
2016-394,S266,9
2016-394,A136,2
2016-394,T281,1
2016-394,V125,4
2016-394,T029,5
2016-394,S015,10
2016-394,T193,6
2016-394,V118,8
2016-394,V050,3
2016-394,S147,12
2016-395,V205,7
2016-395,S218,6
2016-395,V420,5
2016-395,P421,8
2016-395,S106,14
2016-395,T062,4
2016-395,T380,11
2016-395,V037,3
2016-395,V089,1
2016-395,V069,9
2016-395,V394,2
2016-395,N284,12
2016-395,A083,13
2016-395,V165,10
2016-396,P294,9
2016-396,V627,1
2016-396,S152,7
2016-396,S393,5
2016-396,V133,4
2016-396,P230,2
2016-396,A129,6
2016-396,T118,8
2016-396,S145,3
2016-397,T371,4
2016-397,T268,6
2016-397,A066,8
2016-397,A154,11
2016-397,S101,10
2016-397,S358,5
2016-397,T087,2
2016-397,A090,1
2016-397,S264,9
2016-397,T234,7
2016-397,A114,3
2016-398,T129,2
2016-398,V292,7
2016-398,V045,11
2016-398,T010,8
2016-398,S054,12
2016-398,S337,3
2016-398,T134,5
2016-398,V350,6
2016-398,T389,4
2016-398,T099,9
2016-398,V264,1
2016-398,T186,10
2016-399,P372,11
2016-399,T050,5
2016-399,S439,2
2016-399,V134,6
2016-399,A097,3
2016-399,T095,9
2016-399,V288,1
2016-399,V269,7
2016-399,V070,8
2016-399,A171,10
2016-399,T262,4
2016-399,V250,12
2016-400,S351,12
2016-400,T019,6
2016-400,S246,5
2016-400,T261,7
2016-400,T263,9
2016-400,P046,3
2016-400,N294,11
2016-400,S286,4
2016-400,S234,2
2016-400,S202,1
2016-400,V164,8
2016-400,T258,10
2016-401,V027,1
2016-401,V141,6
2016-401,T401,4
2016-401,T042,10
2016-401,V155,12
2016-401,S251,2
2016-401,T420,7
2016-401,S305,5
2016-401,S124,11
2016-401,T335,8
2016-401,T436,3
2016-401,N139,9
2016-402,V318,6
2016-402,T239,9
2016-402,N193,10
2016-402,V171,12
2016-402,S241,5
2016-402,V209,8
2016-402,A010,1
2016-402,N387,7
2016-402,T427,4
2016-402,N443,3
2016-402,V248,2
2016-402,S399,11
2016-403,P257,10
2016-403,T344,9
2016-403,A046,8
2016-403,A017,11
2016-403,V308,6
2016-403,T350,2
2016-403,T333,5
2016-403,S379,12
2016-403,P190,7
2016-403,T324,3
2016-403,A009,1
2016-403,T207,4
2016-404,P151,2
2016-404,T105,1
2016-404,V177,10
2016-404,T056,3
2016-404,V189,11
2016-404,S378,6
2016-404,S131,7
2016-404,T187,12
2016-404,P044,8
2016-404,N177,9
2016-404,T232,5
2016-404,T108,4
2016-405,V014,6
2016-405,S044,5
2016-405,S142,10
2016-405,S014,11
2016-405,V121,9
2016-405,V341,8
2016-405,S280,7
2016-405,V055,1
2016-405,P097,2
2016-405,T405,3
2016-405,V278,4
2016-405,P099,12
2016-406,V236,12
2016-406,V040,3
2016-406,V051,10
2016-406,T424,11
2016-406,S435,7
2016-406,V079,9
2016-406,V358,8
2016-406,T028,2
2016-406,S245,6
2016-406,V186,1
2016-406,S221,5
2016-406,T151,4
2016-407,T273,4
2016-407,V378,12
2016-407,V093,2
2016-407,S091,6
2016-407,P111,5
2016-407,S428,8
2016-407,S370,1
2016-407,A095,10
2016-407,A022,7
2016-407,T210,11
2016-407,T426,3
2016-407,S172,9
2016-408,P425,7
2016-408,S376,14
2016-408,N186,8
2016-408,N111,3
2016-408,T256,12
2016-408,T418,6
2016-408,S148,10
2016-408,T329,11
2016-408,S244,13
2016-408,T113,4
2016-408,T340,9
2016-408,S326,2
2016-408,V291,1
2016-408,T080,5
2016-409,T089,3
2016-409,P130,11
2016-409,V060,5
2016-409,S346,4
2016-409,P405,2
2016-409,N416,1
2016-409,P415,7
2016-409,S074,12
2016-409,T068,8
2016-409,P354,13
2016-409,P324,10
2016-409,V326,6
2016-409,P070,9
2016-410,P121,7
2016-410,V088,1
2016-410,V365,10
2016-410,S301,5
2016-410,V303,4
2016-410,S405,9
2016-410,A049,3
2016-410,P231,8
2016-410,A011,2
2016-410,T059,6
2016-410,V312,11
2016-411,T213,4
2016-411,P439,9
2016-411,S343,2
2016-411,T236,5
2016-411,T145,3
2016-411,S054,13
2016-411,V053,7
2016-411,V207,11
2016-411,V113,10
2016-411,S247,6
2016-411,T376,8
2016-411,T417,1
2016-411,V242,14
2016-411,V183,12
2016-412,V017,5
2016-412,S419,12
2016-412,P310,14
2016-412,S240,8
2016-412,V235,13
2016-412,T331,4
2016-412,A157,10
2016-412,T357,1
2016-412,V135,2
2016-412,T196,7
2016-412,V002,9
2016-412,A139,11
2016-412,A170,6
2016-412,A100,3
2016-413,N248,9
2016-413,T224,6
2016-413,T259,4
2016-413,V212,2
2016-413,T220,11
2016-413,V037,7
2016-413,V316,1
2016-413,V295,14
2016-413,T298,8
2016-413,V042,12
2016-413,V156,5
2016-413,V044,13
2016-413,A029,10
2016-413,V038,3
2016-414,V170,4
2016-414,A041,9
2016-414,T098,5
2016-414,S235,2
2016-414,V214,6
2016-414,T315,8
2016-414,T305,1
2016-414,V381,7
2016-414,T355,3
2016-414,V395,10
2016-415,A065,12
2016-415,S156,8
2016-415,V059,9
2016-415,T083,2
2016-415,S352,3
2016-415,T396,11
2016-415,T293,6
2016-415,A024,10
2016-415,N236,4
2016-415,S269,7
2016-415,V092,1
2016-415,S191,5
2016-416,V370,12
2016-416,A120,13
2016-416,V416,5
2016-416,V268,14
2016-416,T018,7
2016-416,T403,6
2016-416,V290,10
2016-416,T399,8
2016-416,S203,4
2016-416,V240,11
2016-416,A116,2
2016-416,S298,3
2016-416,V270,9
2016-416,V223,1
2016-417,A099,9
2016-417,A169,7
2016-417,V398,2
2016-417,V397,1
2016-417,T352,5
2016-417,T082,6
2016-417,T349,4
2016-417,T348,10
2016-417,V405,12
2016-417,V357,3
2016-417,A004,11
2016-417,V406,13
2016-417,P189,8
2016-418,T381,5
2016-418,A084,10
2016-418,P205,12
2016-418,T387,3
2016-418,S432,8
2016-418,A082,11
2016-418,V026,1
2016-418,V205,6
2016-418,S185,9
2016-418,T415,2
2016-418,N317,7
2016-418,P388,4
2016-419,V414,11
2016-419,V346,9
2016-419,V320,3
2016-419,T413,2
2016-419,P423,6
2016-419,S303,12
2016-419,S388,5
2016-419,T160,1
2016-419,V259,10
2016-419,T282,4
2016-419,P421,7
2016-419,V119,8
2016-420,T163,8
2016-420,S253,4
2016-420,T421,7
2016-420,A141,10
2016-420,P363,11
2016-420,A154,12
2016-420,S225,2
2016-420,S437,1
2016-420,T370,6
2016-420,T234,9
2016-420,T046,5
2016-420,T342,3
2016-421,V366,10
2016-421,S402,11
2016-421,N426,12
2016-421,V243,9
2016-421,S385,2
2016-421,V022,6
2016-421,S329,5
2016-421,S028,4
2016-421,V031,3
2016-421,A064,7
2016-421,V200,1
2016-421,A052,8
2016-422,T372,3
2016-422,A097,5
2016-422,T397,7
2016-422,V021,2
2016-422,P106,12
2016-422,T400,10
2016-422,V287,1
2016-422,T402,4
2016-422,P355,11
2016-422,T051,9
2016-422,V310,6
2016-422,A066,8
2016-423,T245,5
2016-423,P361,1
2016-423,S206,7
2016-423,S312,6
2016-423,S212,4
2016-423,T248,3
2016-423,V057,8
2016-423,T216,2
2016-423,T011,9
2016-424,P158,8
2016-424,S145,3
2016-424,V008,1
2016-424,V133,6
2016-424,S093,4
2016-424,S125,11
2016-424,T219,9
2016-424,S109,7
2016-424,T188,5
2016-424,T230,2
2016-424,S242,10
2016-425,V408,12
2016-425,T390,8
2016-425,V265,6
2016-425,S382,7
2016-425,V114,3
2016-425,A133,9
2016-425,T409,1
2016-425,T146,5
2016-425,V217,2
2016-425,V188,4
2016-425,V046,10
2016-425,V013,11
2016-426,V091,10
2016-426,T045,5
2016-426,S409,8
2016-426,N265,11
2016-426,T295,7
2016-426,T429,1
2016-426,T063,9
2016-426,S367,2
2016-426,T237,12
2016-426,T253,6
2016-426,S424,3
2016-426,P208,4
2016-427,V151,1
2016-427,A173,7
2016-427,T432,2
2016-427,A039,4
2016-427,T167,3
2016-427,A135,9
2016-427,V134,6
2016-427,V045,13
2016-427,A117,11
2016-427,T200,10
2016-427,A168,8
2016-427,A160,5
2016-427,S216,12
2016-427,V378,14
2016-428,P021,7
2016-428,T062,6
2016-428,T202,5
2016-428,S344,8
2016-428,V001,4
2016-428,V244,13
2016-428,V230,3
2016-428,T027,11
2016-428,T031,9
2016-428,V417,1
2016-428,V309,2
2016-428,V231,10
2016-428,S106,14
2016-428,T344,12
2016-429,T095,7
2016-429,P400,9
2016-429,T099,4
2016-429,T096,10
2016-429,V404,6
2016-429,T209,5
2016-429,V264,1
2016-429,A042,8
2016-429,A022,2
2016-429,V078,3
2016-430,V367,6
2016-430,V313,10
2016-430,T364,8
2016-430,S439,4
2016-430,V127,5
2016-430,V198,12
2016-430,V389,9
2016-430,V084,11
2016-430,A204,2
2016-430,A007,3
2016-430,T359,1
2016-430,S096,7
2016-431,V122,9
2016-431,P272,7
2016-431,T187,11
2016-431,T259,6
2016-431,V354,14
2016-431,V042,12
2016-431,S417,1
2016-431,T232,4
2016-431,T220,10
2016-431,V323,2
2016-431,V025,8
2016-431,T201,3
2016-431,V213,5
2016-431,N284,13
2016-432,A113,1
2016-432,T315,10
2016-432,S437,2
2016-432,A129,5
2016-432,V184,3
2016-432,S380,4
2016-432,S152,7
2016-432,V381,9
2016-432,V395,11
2016-432,T198,8
2016-432,S083,6
2016-433,A134,12
2016-433,V380,6
2016-433,A025,10
2016-433,A002,3
2016-433,A091,13
2016-433,V246,4
2016-433,V142,5
2016-433,A114,7
2016-433,A093,9
2016-433,V410,11
2016-433,V325,8
2016-433,V082,2
2016-433,A090,1
2016-434,A024,12
2016-434,T419,10
2016-434,A109,7
2016-434,T375,8
2016-434,V186,1
2016-434,T371,2
2016-434,T098,5
2016-434,A115,14
2016-434,T234,11
2016-434,T242,3
2016-434,S264,13
2016-434,A003,4
2016-434,V181,6
2016-434,S199,9
2016-435,A110,14
2016-435,A040,13
2016-435,V361,12
2016-435,T388,11
2016-435,A067,8
2016-435,V394,6
2016-435,V150,9
2016-435,P309,5
2016-435,A098,7
2016-435,V321,10
2016-435,V327,2
2016-435,A050,3
2016-435,V388,1
2016-435,V140,4
2016-436,V155,10
2016-436,S251,3
2016-436,V044,12
2016-436,V063,4
2016-436,S423,7
2016-436,N177,6
2016-436,V036,8
2016-436,T002,2
2016-436,T258,9
2016-436,T203,5
2016-436,V117,1
2016-436,N294,11
2016-437,V220,11
2016-437,V149,12
2016-437,T431,1
2016-437,T378,7
2016-437,A026,10
2016-437,V308,3
2016-437,S127,5
2016-437,T314,6
2016-437,A083,9
2016-437,V260,4
2016-437,P099,8
2016-437,S078,2
2016-438,P330,10
2016-438,N387,7
2016-438,P422,2
2016-438,S303,12
2016-438,A012,8
2016-438,P295,6
2016-438,V216,9
2016-438,T427,3
2016-438,V286,11
2016-438,A146,5
2016-438,V146,1
2016-438,T284,4
2016-439,S335,6
2016-439,T350,3
2016-439,N432,4
2016-439,T223,2
2016-439,N409,11
2016-439,S299,12
2016-439,S241,5
2016-439,S121,8
2016-439,T288,7
2016-439,S073,1
2016-439,V185,9
2016-439,A101,10
2016-440,S397,4
2016-440,V344,1
2016-440,P278,6
2016-440,V135,3
2016-440,T124,2
2016-440,T358,7
2016-440,V071,5
2016-440,P310,9
2016-440,T116,8
2016-440,V311,10
2016-441,V347,5
2016-441,S399,10
2016-441,V306,2
2016-441,T157,7
2016-441,S130,9
2016-441,T154,12
2016-441,V143,3
2016-441,T289,6
2016-441,N443,4
2016-441,T140,1
2016-441,S442,8
2016-441,A075,11
2016-442,S275,9
2016-442,V074,12
2016-442,M085,11
2016-442,S347,6
2016-442,T218,10
2016-442,A008,1
2016-442,T302,5
2016-442,V362,8
2016-442,V138,3
2016-442,V197,4
2016-442,T426,2
2016-442,V070,7
2016-443,V207,12
2016-443,T382,7
2016-443,S362,10
2016-443,V024,1
2016-443,V176,11
2016-443,S247,8
2016-443,T353,2
2016-443,S138,6
2016-443,V020,9
2016-443,V019,4
2016-443,V279,5
2016-443,T369,3
2016-444,S315,12
2016-444,A144,8
2016-444,A084,14
2016-444,A047,5
2016-444,V363,7
2016-444,A189,6
2016-444,T073,10
2016-444,A121,13
2016-444,V225,3
2016-444,A150,9
2016-444,S028,2
2016-444,A124,1
2016-444,V390,11
2016-444,A107,4
2016-445,T274,5
2016-445,S389,6
2016-445,T123,7
2016-445,V015,11
2016-445,S070,1
2016-445,V163,14
2016-445,V161,3
2016-445,T339,8
2016-445,V258,10
2016-445,V317,13
2016-445,V144,2
2016-445,T004,9
2016-445,S051,12
2016-445,S320,4
2016-446,S391,2
2016-446,T148,8
2016-446,S398,5
2016-446,V110,3
2016-446,P303,1
2016-446,V167,7
2016-446,T301,4
2016-446,S206,6
2016-447,V284,5
2016-447,V089,4
2016-447,T265,9
2016-447,V011,2
2016-447,S133,3
2016-447,V305,7
2016-447,T239,12
2016-447,M148,8
2016-447,T423,13
2016-447,S231,14
2016-447,P297,11
2016-447,V182,10
2016-447,V215,6
2016-447,S370,1
2016-448,T129,3
2016-448,A092,5
2016-448,A170,2
2016-448,A130,12
2016-448,V301,4
2016-448,T099,6
2016-448,V002,11
2016-448,V121,9
2016-448,V341,10
2016-448,V371,13
2016-448,A137,8
2016-448,S240,7
2016-448,V288,1
2016-449,A179,5
2016-449,V421,14
2016-449,T324,4
2016-449,V392,12
2016-449,T031,10
2016-449,V269,6
2016-449,A086,3
2016-449,A031,7
2016-449,A122,11
2016-449,A048,13
2016-449,V403,9
2016-449,A057,1
2016-449,T138,8
2016-449,V396,2
2016-450,P270,5
2016-450,S411,1
2016-450,V133,4
2016-450,S217,6
2016-450,P192,3
2016-450,V083,2
2016-451,V101,5
2016-451,A136,4
2016-451,S146,12
2016-451,V407,6
2016-451,T028,3
2016-451,A116,1
2016-451,A036,14
2016-451,A141,10
2016-451,V240,11
2016-451,V192,7
2016-451,A005,2
2016-451,A004,13
2016-451,S015,9
2016-451,S266,8
2016-452,T145,7
2016-452,T281,1
2016-452,V013,14
2016-452,S245,10
2016-452,T409,2
2016-452,P358,11
2016-452,T029,8
2016-452,T363,6
2016-452,V118,9
2016-452,S147,13
2016-452,T416,4
2016-452,V125,5
2016-452,A111,12
2016-452,V050,3
2016-453,A118,9
2016-453,T355,6
2016-453,S101,11
2016-453,A112,10
2016-453,A241,8
2016-453,S235,3
2016-453,T305,1
2016-453,P359,7
2016-453,P210,2
2016-453,V170,5
2016-453,T242,4
2016-454,P286,12
2016-454,T261,6
2016-454,V061,1
2016-454,T089,3
2016-454,V044,13
2016-454,N192,11
2016-454,S354,5
2016-454,V060,4
2016-454,T203,2
2016-454,V091,9
2016-454,V179,14
2016-454,S205,7
2016-454,V189,8
2016-454,V177,10
2016-455,V198,9
2016-455,V335,12
2016-455,V171,14
2016-455,N186,6
2016-455,N111,2
2016-455,P431,7
2016-455,V243,8
2016-455,S376,13
2016-455,V354,11
2016-455,T031,5
2016-455,V313,10
2016-455,T164,1
2016-455,P421,4
2016-455,T340,3
2016-456,P185,4
2016-456,S055,10
2016-456,T091,6
2016-456,N193,12
2016-456,T364,11
2016-456,S096,8
2016-456,V234,7
2016-456,A010,1
2016-456,V355,3
2016-456,P231,9
2016-456,V090,5
2016-456,S277,2
2016-457,V263,13
2016-457,T424,14
2016-457,S328,11
2016-457,S148,9
2016-457,S339,6
2016-457,N248,7
2016-457,T329,8
2016-457,S131,10
2016-457,P423,12
2016-457,S326,4
2016-457,T113,5
2016-457,T385,2
2016-457,T181,3
2016-457,V212,1
2016-458,A046,8
2016-458,P120,11
2016-458,V376,5
2016-458,N426,9
2016-458,V231,10
2016-458,V226,7
2016-458,V022,4
2016-458,A007,3
2016-458,V255,12
2016-458,N360,1
2016-458,T285,2
2016-458,V009,6
2016-459,S382,8
2016-459,A169,13
2016-459,T159,12
2016-459,T195,3
2016-459,V174,14
2016-459,P287,9
2016-459,V053,11
2016-459,T417,1
2016-459,T213,4
2016-459,S264,10
2016-459,T376,7
2016-459,V181,5
2016-459,V217,2
2016-459,T236,6
2016-460,S349,9
2016-460,T334,7
2016-460,S203,4
2016-460,S280,8
2016-460,V340,10
2016-460,S337,3
2016-460,T389,2
2016-460,T176,6
2016-460,S204,12
2016-460,V078,5
2016-460,P214,11
2016-460,V264,1
2016-461,T011,11
2016-461,S312,7
2016-461,T248,5
2016-461,A022,6
2016-461,A114,4
2016-461,S156,8
2016-461,P361,3
2016-461,V287,1
2016-461,T009,2
2016-461,T186,10
2016-461,T103,9
2016-462,V348,5
2016-462,V145,7
2016-462,S303,10
2016-462,V271,11
2016-462,T332,12
2016-462,A082,9
2016-462,V269,3
2016-462,A152,6
2016-462,V393,4
2016-462,V116,8
2016-462,V088,1
2016-462,T333,2
2016-463,V334,9
2016-463,V063,8
2016-463,S246,6
2016-463,V015,10
2016-463,S346,2
2016-463,T019,5
2016-463,V317,11
2016-463,T393,4
2016-463,S338,12
2016-463,V238,13
2016-463,S440,14
2016-463,T326,3
2016-463,T323,7
2016-463,V038,1
2016-464,V153,1
2016-464,T235,3
2016-464,N241,6
2016-464,S143,4
2016-464,V251,2
2016-464,S010,5
2016-465,N156,11
2016-465,T335,6
2016-465,T071,7
2016-465,S425,5
2016-465,P066,12
2016-465,V064,10
2016-465,V001,1
2016-465,T346,3
2016-465,S305,4
2016-465,S124,9
2016-465,T079,2
2016-465,S032,8
2016-466,S426,6
2016-466,A079,4
2016-466,V296,3
2016-466,T207,1
2016-466,A044,12
2016-466,T059,7
2016-466,A186,5
2016-466,S405,8
2016-466,A017,11
2016-466,N443,2
2016-466,T027,9
2016-466,A076,10
2016-467,V087,4
2016-467,V303,2
2016-467,T202,3
2016-467,S218,11
2016-467,S323,5
2016-467,T418,6
2016-467,T412,9
2016-467,S378,10
2016-467,V324,7
2016-467,V220,13
2016-467,A034,12
2016-467,V319,14
2016-467,T413,8
2016-467,A049,1
2016-468,A624,13
2016-468,V094,5
2016-468,S393,6
2016-468,T268,8
2016-468,S284,4
2016-468,V128,2
2016-468,V077,3
2016-468,A611,14
2016-468,T245,7
2016-468,A623,11
2016-468,V628,12
2016-468,A622,9
2016-468,A604,10
2016-468,V166,1
2016-469,S054,12
2016-469,T396,10
2016-469,A066,6
2016-469,S436,8
2016-469,A158,9
2016-469,S358,5
2016-469,V126,3
2016-469,V356,2
2016-469,V372,11
2016-469,S253,7
2016-469,T083,4
2016-469,V397,1
2016-470,V250,14
2016-470,T373,11
2016-470,V358,9
2016-470,V045,12
2016-470,T399,8
2016-470,T403,4
2016-470,T189,3
2016-470,V321,6
2016-470,P212,10
2016-470,A172,7
2016-470,S278,5
2016-470,V223,1
2016-470,P363,13
2016-470,T100,2
2016-471,V290,5
2016-471,V398,2
2016-471,T286,7
2016-471,T352,4
2016-471,V371,13
2016-471,V370,8
2016-471,V339,12
2016-471,T368,1
2016-471,T397,10
2016-471,S414,11
2016-471,V131,9
2016-471,T167,3
2016-471,V300,14
2016-471,V150,6
2016-472,S093,4
2016-472,S152,9
2016-472,S380,7
2016-472,A003,6
2016-472,P230,2
2016-472,V395,14
2016-472,S437,3
2016-472,V133,5
2016-472,T315,11
2016-472,A041,12
2016-472,A115,13
2016-472,T242,8
2016-472,A002,1
2016-472,V381,10
2016-473,T168,6
2016-473,S176,5
2016-473,V159,10
2016-473,P064,7
2016-473,N265,9
2016-473,V364,11
2016-473,T076,12
2016-473,S413,8
2016-473,T356,3
2016-473,S367,1
2016-473,T436,2
2016-473,T420,4
2016-474,S185,4
2016-474,S055,5
2016-474,V378,11
2016-474,A047,8
2016-474,S432,7
2016-474,V418,10
2016-474,A012,6
2016-474,T415,3
2016-474,V306,2
2016-474,P106,9
2016-474,V229,1
2016-474,V385,12
2016-475,V259,8
2016-475,T259,3
2016-475,S335,6
2016-475,S417,1
2016-475,T344,9
2016-475,V031,2
2016-475,S379,10
2016-475,S148,7
2016-475,T282,5
2016-475,N432,4
2016-476,P330,10
2016-476,P256,3
2016-476,P422,2
2016-476,V295,11
2016-476,V117,5
2016-476,T380,7
2016-476,V119,9
2016-476,A101,8
2016-476,T160,1
2016-476,S133,4
2016-476,T314,6
2016-477,S291,5
2016-477,S301,10
2016-477,V252,11
2016-477,S385,6
2016-477,S295,8
2016-477,V401,12
2016-477,V248,2
2016-477,V205,9
2016-477,A146,4
2016-477,V026,1
2016-477,V081,3
2016-477,P190,7
2016-478,V297,10
2016-478,S172,11
2016-478,T405,3
2016-478,V071,9
2016-478,A023,12
2016-478,T421,8
2016-478,V278,4
2016-478,V093,1
2016-478,S138,5
2016-478,V394,6
2016-478,T018,7
2016-478,T273,2
2016-479,A154,10
2016-479,T391,3
2016-479,V113,8
2016-479,P309,4
2016-479,T183,2
2016-479,T146,5
2016-479,V291,1
2016-479,S023,6
2016-479,S147,9
2016-479,T109,7
2016-480,V074,12
2016-480,V404,6
2016-480,A197,7
2016-480,V338,8
2016-480,V413,4
2016-480,T210,9
2016-480,T112,5
2016-480,S142,10
2016-480,T312,3
2016-480,S014,11
2016-480,T426,2
2016-480,P097,1
2016-481,P357,13
2016-481,T237,14
2016-481,S423,11
2016-481,T429,1
2016-481,V032,10
2016-481,T253,6
2016-481,V091,9
2016-481,T329,8
2016-481,T002,3
2016-481,T295,5
2016-481,T233,7
2016-481,V001,2
2016-481,T203,4
2016-481,N192,12
2016-482,A153,5
2016-482,S405,7
2016-482,V421,11
2016-482,V230,3
2016-482,A063,6
2016-482,S425,9
2016-482,V088,2
2016-482,A057,1
2016-482,V290,4
2016-482,P295,10
2016-482,S113,12
2016-482,V215,8
2016-483,V284,2
2016-483,S323,4
2016-483,T340,8
2016-483,A189,9
2016-483,V069,7
2016-483,T178,6
2016-483,V255,13
2016-483,V392,10
2016-483,T265,5
2016-483,V165,3
2016-483,V335,14
2016-483,V417,1
2016-483,N309,11
2016-483,T423,12
2016-484,V320,7
2016-484,S315,8
2016-484,V089,3
2016-484,A123,6
2016-484,T418,4
2016-484,S096,5
2016-484,T062,2
2016-484,T427,1
2016-484,V406,13
2016-484,A122,11
2016-484,A084,10
2016-484,T378,9
2016-484,V403,12
2016-485,V039,9
2016-485,V048,3
2016-485,T232,4
2016-485,T187,10
2016-485,V354,11
2016-485,T108,2
2016-485,S131,8
2016-485,T105,1
2016-485,P405,6
2016-485,V326,5
2016-485,V122,7
2016-486,V268,10
2016-486,V235,7
2016-486,T129,2
2016-486,T348,6
2016-486,A139,11
2016-486,P372,8
2016-486,T357,1
2016-486,A171,3
2016-486,T050,4
2016-486,T095,9
2016-486,V242,12
2016-486,V301,5
2016-487,A102,1
2016-487,P310,12
2016-487,A097,4
2016-487,A182,2
2016-487,V099,8
2016-487,S240,7
2016-487,A117,13
2016-487,V017,3
2016-487,T099,9
2016-487,T196,6
2016-487,T331,5
2016-487,V341,10
2016-487,V247,11
2016-487,V311,14
2016-488,S156,9
2016-488,V217,1
2016-488,P214,12
2016-488,P359,13
2016-488,S109,5
2016-488,S312,8
2016-488,T163,11
2016-488,T098,4
2016-488,T370,6
2016-488,T305,3
2016-488,T116,7
2016-488,V186,2
2016-488,S242,10
2016-489,T388,11
2016-489,V407,8
2016-489,T416,1
2016-489,V265,9
2016-489,S235,7
2016-489,V114,4
2016-489,T092,10
2016-489,A098,3
2016-489,V140,2
2016-489,T082,5
2016-489,A036,12
2016-489,V184,6
2016-490,A005,7
2016-490,V337,9
2016-490,V045,8
2016-490,V416,13
2016-490,P400,12
2016-490,T419,10
2016-490,A050,2
2016-490,P189,5
2016-490,V270,6
2016-490,S106,14
2016-490,V405,11
2016-490,T184,3
2016-490,V388,1
2016-490,T134,4
2016-491,V389,8
2016-491,V209,11
2016-491,T267,12
2016-491,V329,9
2016-491,A142,6
2016-491,A087,2
2016-491,A052,7
2016-491,A014,10
2016-491,T284,1
2016-491,V347,3
2016-491,V315,5
2016-491,T059,4
2016-492,P168,7
2016-492,V258,9
2016-492,A026,10
2016-492,V036,4
2016-492,S205,3
2016-492,S202,1
2016-492,S286,2
2016-492,V179,12
2016-492,T258,8
2016-492,V164,6
2016-492,V238,11
2016-492,T323,5
2016-493,A188,5
2016-493,V400,4
2016-493,S047,8
2016-493,V216,7
2016-493,N409,9
2016-493,S098,3
2016-493,A145,6
2016-493,V143,2
2016-493,T140,1
2016-494,V185,7
2016-494,P330,9
2016-494,T431,4
2016-494,S299,8
2016-494,S376,10
2016-494,T336,3
2016-494,S078,5
2016-494,S073,1
2016-494,T385,2
2016-494,P272,6
2016-495,V121,11
2016-495,S428,8
2016-495,N317,10
2016-495,V138,2
2016-495,V135,5
2016-495,T334,9
2016-495,V413,6
2016-495,T010,12
2016-495,T209,7
2016-495,S397,3
2016-495,V055,1
2016-495,T171,4
2016-496,A110,11
2016-496,M085,12
2016-496,A185,8
2016-496,A195,9
2016-496,A067,7
2016-496,S442,6
2016-496,T372,2
2016-496,S138,4
2016-496,A008,1
2016-496,P355,5
2016-496,A064,3
2016-496,P041,10
2016-497,S225,4
2016-497,S167,10
2016-497,A155,9
2016-497,V207,12
2016-497,S362,11
2016-497,S245,7
2016-497,S298,5
2016-497,V370,8
2016-497,A116,2
2016-497,S355,1
2016-497,V279,3
2016-497,T391,6
2016-498,V307,2
2016-498,A051,1
2016-498,S352,6
2016-498,V059,12
2016-498,T358,8
2016-498,N236,5
2016-498,T216,4
2016-498,T400,11
2016-498,T374,3
2016-498,V310,9
2016-498,T124,7
2016-498,S191,10
2016-499,P121,7
2016-499,V363,11
2016-499,A059,9
2016-499,V096,14
2016-499,S301,8
2016-499,A081,10
2016-499,A190,12
2016-499,A107,4
2016-499,T091,3
2016-499,T138,6
2016-499,V068,1
2016-499,A056,5
2016-499,T330,2
2016-499,N193,13
2016-500,T022,11
2016-500,V144,1
2016-500,N186,7
2016-500,N248,4
2016-500,P066,12
2016-500,V155,8
2016-500,T027,10
2016-500,S320,2
2016-500,V305,3
2016-500,T019,6
2016-500,V317,9
2016-500,T063,5
2016-500,S441,13
2016-501,S284,3
2016-501,V167,5
2016-501,T301,4
2016-501,V166,1
2016-501,S391,2
2016-502,P063,5
2016-502,A177,6
2016-502,V102,9
2016-502,A082,14
2016-502,S424,1
2016-502,V314,7
2016-502,T099,12
2016-502,V390,3
2016-502,V225,2
2016-502,V221,8
2016-502,V012,11
2016-502,V330,4
2016-502,A104,10
2016-502,V252,13
2016-503,A061,1
2016-503,V087,3
2016-503,V156,7
2016-503,V037,4
2016-503,T220,10
2016-503,V089,6
2016-503,T202,5
2016-503,S244,11
2016-503,T256,14
2016-503,T423,13
2016-503,V147,9
2016-503,V025,12
2016-503,T413,8
2016-503,T224,2
2016-504,A031,8
2016-504,S339,4
2016-504,T298,7
2016-504,S054,14
2016-504,V365,10
2016-504,P030,12
2016-504,T380,9
2016-504,T338,6
2016-504,V273,11
2016-504,T383,5
2016-504,V396,1
2016-504,A086,3
2016-504,T427,2
2016-504,S231,13
2016-505,V188,7
2016-505,P358,9
2016-505,V046,10
2016-505,S093,4
2016-505,T029,8
2016-505,V125,5
2016-505,S437,2
2016-505,T146,6
2016-505,V050,3
2016-505,S147,12
2016-505,V395,11
2016-505,T281,1
2016-506,V082,1
2016-506,V410,10
2016-506,A129,11
2016-506,A093,6
2016-506,A002,3
2016-506,A113,2
2016-506,A041,13
2016-506,A112,9
2016-506,V246,4
2016-506,V142,5
2016-506,V380,7
2016-506,V325,8
2016-506,A091,14
2016-506,A115,12
2016-507,V024,1
2016-507,T262,5
2016-507,A168,13
2016-507,T432,2
2016-507,V070,7
2016-507,V340,14
2016-507,V328,3
2016-507,A212,10
2016-507,A215,6
2016-507,A011,4
2016-507,V054,11
2016-507,V338,12
2016-507,S420,8
2016-507,S044,9
2016-508,T248,6
2016-508,A090,1
2016-508,T051,9
2016-508,V150,10
2016-508,A109,14
2016-508,T234,11
2016-508,T375,13
2016-508,V356,3
2016-508,A024,12
2016-508,S221,5
2016-508,S358,7
2016-508,T087,2
2016-508,P158,8
2016-508,T371,4
2016-509,S300,9
2016-509,M255,12
2016-509,T261,6
2016-509,S246,5
2016-509,T089,3
2016-509,S338,11
2016-509,V001,1
2016-509,P130,7
2016-509,N177,4
2016-509,T292,10
2016-509,T274,2
2016-509,P324,8
2016-510,V378,12
2016-510,T187,5
2016-510,S432,8
2016-510,P330,11
2016-510,V119,6
2016-510,V117,3
2016-510,V385,10
2016-510,N443,4
2016-510,A012,7
2016-510,V203,1
2016-510,T324,2
2016-510,V274,9
2016-511,N387,8
2016-511,V376,6
2016-511,S291,4
2016-511,V231,7
2016-511,A010,1
2016-511,V074,11
2016-511,A075,10
2016-511,S329,5
2016-511,V306,3
2016-511,V146,2
2016-511,V171,12
2016-511,P120,9
2016-512,T288,9
2016-512,S388,8
2016-512,N111,5
2016-512,A101,7
2016-512,S407,3
2016-512,T160,1
2016-512,S417,2
2016-512,V295,12
2016-512,T232,4
2016-512,S148,11
2016-512,P423,10
2016-512,P044,6
2016-513,V134,6
2016-513,P400,10
2016-513,V416,9
2016-513,T373,12
2016-513,V379,4
2016-513,V358,8
2016-513,V415,11
2016-513,T357,1
2016-513,V394,3
2016-513,A009,2
2016-513,S247,7
2016-513,S253,5
2016-514,P287,7
2016-514,V362,6
2016-514,V242,12
2016-514,S203,5
2016-514,S279,11
2016-514,T302,2
2016-514,P041,9
2016-514,T095,10
2016-514,S028,1
2016-514,A202,8
2016-514,T189,3
2016-514,T112,4
2016-515,P230,1
2016-515,V133,4
2016-515,T118,11
2016-515,S242,8
2016-515,S145,5
2016-515,T197,12
2016-515,S152,6
2016-515,T198,10
2016-515,T230,2
2016-515,T219,7
2016-515,T188,3
2016-515,T311,9
2016-516,P421,7
2016-516,T390,10
2016-516,T236,6
2016-516,S343,3
2016-516,T046,5
2016-516,A111,11
2016-516,T342,4
2016-516,T353,2
2016-516,T368,1
2016-516,V131,9
2016-516,P363,12
2016-516,S264,8
2016-517,P415,9
2016-517,P293,1
2016-517,P168,10
2016-517,V060,3
2016-517,V213,4
2016-517,V091,7
2016-517,S354,2
2016-517,S346,5
2016-517,T323,8
2016-517,P405,6
2016-517,P070,11
2016-518,N375,14
2016-518,T187,6
2016-518,T159,11
2016-518,A084,13
2016-518,V216,8
2016-518,V329,12
2016-518,P151,2
2016-518,T412,4
2016-518,T178,7
2016-518,V122,5
2016-518,V263,10
2016-518,T201,3
2016-518,V038,1
2016-518,V392,9
2016-519,V293,7
2016-519,V002,8
2016-519,A094,2
2016-519,S240,4
2016-519,T196,3
2016-519,V229,1
2016-519,T400,5
2016-519,V369,14
2016-519,V241,11
2016-519,A130,6
2016-519,A065,13
2016-519,A117,9
2016-519,T414,10
2016-519,P310,12
2016-520,V127,8
2016-520,V226,7
2016-520,N360,1
2016-520,V234,6
2016-520,A007,2
2016-520,V308,5
2016-520,A122,11
2016-520,V209,10
2016-520,V393,4
2016-520,P205,12
2016-520,T285,3
2016-520,N426,9
2016-521,S418,7
2016-521,S337,2
2016-521,T176,4
2016-521,V264,1
2016-521,T213,3
2016-521,V183,11
2016-521,V099,10
2016-521,T376,6
2016-521,V187,8
2016-521,T171,5
2016-521,A042,9
2016-521,S204,12
2016-522,V355,3
2016-522,P297,11
2016-522,A121,12
2016-522,S344,8
2016-522,A146,7
2016-522,A124,5
2016-522,A057,1
2016-522,P422,4
2016-522,A179,6
2016-522,V401,13
2016-522,A048,14
2016-522,S426,10
2016-522,V088,2
2016-522,T080,9
2016-523,P361,2
2016-523,V092,1
2016-523,S269,5
2016-523,T200,8
2016-523,A170,3
2016-523,T374,4
2016-523,T011,9
2016-523,S212,6
2016-523,T396,7
2016-524,T242,5
2016-524,A136,1
2016-524,V214,9
2016-524,A241,12
2016-524,S380,7
2016-524,T094,11
2016-524,P210,4
2016-524,A214,2
2016-524,V170,6
2016-524,A025,3
2016-524,V150,10
2016-524,T355,8
2016-525,T419,14
2016-525,A173,7
2016-525,P212,8
2016-525,V101,6
2016-525,V398,1
2016-525,V079,11
2016-525,V045,12
2016-525,T096,13
2016-525,A039,5
2016-525,V223,2
2016-525,V176,10
2016-525,A071,9
2016-525,T351,3
2016-525,V040,4
2016-526,S015,10
2016-526,T062,2
2016-526,V123,9
2016-526,S235,8
2016-526,T409,3
2016-526,V114,5
2016-526,V240,13
2016-526,V316,1
2016-526,V405,12
2016-526,T082,7
2016-526,V019,4
2016-526,T286,11
2016-526,P309,6
2016-527,T393,4
2016-527,T287,12
2016-527,S338,10
2016-527,N294,9
2016-527,S241,3
2016-527,T339,8
2016-527,V317,5
2016-527,V220,11
2016-527,V058,1
2016-527,T263,6
2016-527,S286,2
2016-527,T335,7
2016-528,S389,4
2016-528,S303,12
2016-528,S176,9
2016-528,S130,6
2016-528,T346,5
2016-528,P064,11
2016-528,S305,3
2016-528,N139,8
2016-528,T436,2
2016-528,T054,7
2016-528,T076,10
2016-528,S367,1
2016-529,S428,9
2016-529,P388,6
2016-529,T381,5
2016-529,A014,8
2016-529,V302,11
2016-529,T154,12
2016-529,T333,3
2016-529,V143,2
2016-529,V026,1
2016-529,S425,4
2016-529,V116,7
2016-529,N193,10
2016-530,P256,5
2016-530,S295,9
2016-530,T105,2
2016-530,S133,4
2016-530,S121,8
2016-530,V149,12
2016-530,T282,7
2016-530,T140,1
2016-530,V011,6
2016-530,V031,3
2016-530,S148,10
2016-530,S379,11
2016-531,T378,10
2016-531,V171,11
2016-531,T110,9
2016-531,V371,7
2016-531,N409,12
2016-531,T059,4
2016-531,P190,6
2016-531,N443,2
2016-531,S113,8
2016-531,T289,1
2016-531,V315,5
2016-531,S098,3
2016-532,V413,3
2016-532,A164,10
2016-532,V340,8
2016-532,V404,11
2016-532,A217,12
2016-532,V412,9
2016-532,N317,7
2016-532,S436,4
2016-532,T331,5
2016-532,P396,2
2016-532,V055,1
2016-532,T209,6
2016-533,A098,7
2016-533,A154,11
2016-533,A155,12
2016-533,V291,1
2016-533,T369,5
2016-533,T352,4
2016-533,T151,6
2016-533,A116,2
2016-533,V053,10
2016-533,V020,9
2016-533,V081,3
2016-533,P189,8
2016-534,P373,6
2016-534,S014,10
2016-534,T421,7
2016-534,T210,9
2016-534,A140,12
2016-534,V278,2
2016-534,P106,11
2016-534,T018,5
2016-534,S442,4
2016-534,V248,1
2016-534,V347,3
2016-534,S142,8
2016-535,V341,7
2016-535,P156,9
2016-535,V369,14
2016-535,V378,12
2016-535,V318,8
2016-535,A031,6
2016-535,A059,13
2016-535,V147,11
2016-535,A088,10
2016-535,A079,1
2016-535,A123,2
2016-535,S291,4
2016-535,S385,3
2016-535,V205,5
2016-536,V064,11
2016-536,S320,4
2016-536,T401,5
2016-536,N156,13
2016-536,V063,6
2016-536,S150,3
2016-536,T004,7
2016-536,V252,12
2016-536,S234,1
2016-536,T259,2
2016-536,S193,14
2016-536,V389,10
2016-536,S032,8
2016-536,V334,9
2016-537,A068,7
2016-537,S432,9
2016-537,V421,8
2016-537,S370,3
2016-537,V068,1
2016-537,V273,10
2016-537,A152,5
2016-537,V355,2
2016-537,V312,14
2016-537,A186,4
2016-537,A053,13
2016-537,V363,11
2016-537,V400,12
2016-537,A087,6
2016-538,A063,3
2016-538,V406,14
2016-538,T207,4
2016-538,V303,1
2016-538,V037,5
2016-538,A044,7
2016-538,V324,6
2016-538,V403,11
2016-538,V244,12
2016-538,A153,8
2016-538,A142,9
2016-538,A046,10
2016-538,V417,2
2016-538,A034,13
2016-539,A037,8
2016-539,T349,4
2016-539,A008,1
2016-539,A120,14
2016-539,T129,3
2016-539,A097,5
2016-539,V054,9
2016-539,V197,2
2016-539,V416,7
2016-539,V130,11
2016-539,S420,6
2016-539,V311,13
2016-539,A137,12
2016-539,A197,10
2016-540,N309,12
2016-540,V102,7
2016-540,A189,5
2016-540,A083,11
2016-540,M148,3
2016-540,S218,10
2016-540,V247,8
2016-540,T256,13
2016-540,V165,4
2016-540,V349,14
2016-540,P295,2
2016-540,V119,9
2016-540,V296,1
2016-540,V069,6
2016-541,V321,5
2016-541,A005,8
2016-541,V250,12
2016-541,S106,11
2016-541,A135,10
2016-541,T399,4
2016-541,A050,1
2016-541,T403,3
2016-541,T117,6
2016-541,A185,13
2016-541,P097,2
2016-541,A139,9
2016-541,A160,14
2016-541,P372,7
2016-542,A102,1
2016-542,T348,3
2016-542,V301,7
2016-542,V288,2
2016-542,A193,9
2016-542,S172,11
2016-542,A092,5
2016-542,S044,6
2016-542,A169,12
2016-542,T334,8
2016-542,V372,13
2016-542,A182,4
2016-542,V337,14
2016-542,A141,10
2016-543,A090,1
2016-543,T268,8
2016-543,V077,5
2016-543,A024,9
2016-543,T305,2
2016-543,A159,3
2016-543,A119,10
2016-543,T355,7
2016-543,V094,4
2016-543,A118,11
2016-543,S109,6
2016-544,T183,3
2016-544,S355,2
2016-544,S147,12
2016-544,V125,4
2016-544,V242,14
2016-544,S266,10
2016-544,A036,13
2016-544,V212,1
2016-544,V370,9
2016-544,S023,6
2016-544,T055,8
2016-544,S414,11
2016-544,V101,5
2016-544,T082,7
2016-545,S441,10
2016-545,V159,8
2016-545,V145,9
2016-545,S124,6
2016-545,T073,7
2016-545,V161,3
2016-545,S409,5
2016-545,T420,4
2016-545,S367,1
2016-545,T079,2
2016-546,V117,3
2016-546,S378,6
2016-546,V354,10
2016-546,P272,4
2016-546,S328,7
2016-546,T181,1
2016-546,P423,9
2016-546,S131,8
2016-546,V189,5
2016-546,T385,2
2016-547,V308,3
2016-547,V056,11
2016-547,P185,5
2016-547,T431,1
2016-547,V255,10
2016-547,T265,7
2016-547,V243,9
2016-547,V009,4
2016-547,T113,2
2016-547,S244,8
2016-547,S339,6
2016-548,P130,11
2016-548,V061,6
2016-548,S300,12
2016-548,T203,2
2016-548,V179,13
2016-548,T295,3
2016-548,T329,9
2016-548,T045,7
2016-548,S376,14
2016-548,S246,8
2016-548,T233,4
2016-548,T340,5
2016-548,V001,1
2016-548,P070,10
2016-549,T364,11
2016-549,S055,8
2016-549,S301,7
2016-549,V376,6
2016-549,V226,4
2016-549,A191,9
2016-549,T284,1
2016-549,V215,3
2016-549,V231,10
2016-549,S344,2
2016-549,V367,5
2016-549,S299,12
2016-550,V269,8
2016-550,T273,3
2016-550,P400,12
2016-550,T171,4
2016-550,T218,11
2016-550,S431,5
2016-550,S439,2
2016-550,S203,10
2016-550,V254,7
2016-550,T213,6
2016-550,V187,9
2016-550,T389,1
2016-551,P359,12
2016-551,A022,3
2016-551,T372,2
2016-551,P031,10
2016-551,T248,8
2016-551,S191,11
2016-551,T186,7
2016-551,P214,9
2016-551,S156,6
2016-551,T374,5
2016-551,V344,1
2016-551,A066,4
2016-552,V181,6
2016-552,T195,4
2016-552,V184,7
2016-552,S312,8
2016-552,P267,12
2016-552,S278,10
2016-552,V111,14
2016-552,V217,2
2016-552,T376,11
2016-552,T417,1
2016-552,T370,3
2016-552,T163,13
2016-552,S264,9
2016-552,T098,5
2016-553,V348,10
2016-553,T136,9
2016-553,A033,4
2016-553,V049,11
2016-553,V401,13
2016-553,A018,12
2016-553,A190,14
2016-553,V221,2
2016-553,P063,3
2016-553,A150,1
2016-553,T099,8
2016-553,A177,5
2016-553,A211,6
2016-553,A085,7
2016-554,S218,7
2016-554,T224,4
2016-554,S113,12
2016-554,S096,5
2016-554,T298,10
2016-554,A029,13
2016-554,A010,1
2016-554,S127,9
2016-554,V392,14
2016-554,V284,2
2016-554,V422,6
2016-554,T383,3
2016-554,V025,8
2016-554,V365,11
2016-555,V317,10
2016-555,N177,8
2016-555,P324,12
2016-555,N248,3
2016-555,S241,7
2016-555,V213,6
2016-555,S346,4
2016-555,T274,1
2016-555,S074,13
2016-555,T089,2
2016-555,S205,11
2016-555,T019,9
2016-555,N416,5
2016-555,V295,14
2016-556,V290,2
2016-556,V024,1
2016-556,A067,4
2016-556,S280,8
2016-556,S138,3
2016-556,A215,6
2016-556,V016,10
2016-556,A130,9
2016-556,V241,11
2016-556,A065,12
2016-556,S247,7
2016-556,A239,5
2016-557,A094,9
2016-557,A040,13
2016-557,A071,14
2016-557,N317,7
2016-557,A117,12
2016-557,T426,2
2016-557,T402,5
2016-557,P429,4
2016-557,T400,8
2016-557,A051,1
2016-557,T051,11
2016-557,V135,6
2016-557,V151,3
2016-557,A213,10
2016-558,V320,9
2016-558,T380,8
2016-558,V265,7
2016-558,T326,5
2016-558,T256,13
2016-558,V263,10
2016-558,A084,14
2016-558,A122,12
2016-558,T108,4
2016-558,V260,6
2016-558,T288,11
2016-558,V038,1
2016-558,T223,2
2016-558,V089,3
2016-559,V153,1
2016-559,S143,6
2016-559,T211,5
2016-559,S284,3
2016-559,T245,7
2016-559,V251,2
2016-559,T301,4
2016-560,P270,7
2016-560,V167,4
2016-560,S391,2
2016-560,P192,6
2016-560,V083,5
2016-560,T219,8
2016-560,S411,3
2016-560,V082,1
2016-560,T118,9
2016-561,A002,1
2016-561,V380,3
2016-561,A093,5
2016-561,T197,14
2016-561,A241,12
2016-561,P230,7
2016-561,T198,13
2016-561,T230,4
2016-561,S437,6
2016-561,A129,8
2016-561,T315,11
2016-561,V246,2
2016-561,S152,9
2016-561,T311,10
2016-562,S349,11
2016-562,V398,1
2016-562,A227,12
2016-562,A201,14
2016-562,V300,13
2016-562,S418,7
2016-562,T234,8
2016-562,V126,5
2016-562,T028,6
2016-562,V293,10
2016-562,T427,2
2016-562,V186,4
2016-562,T184,3
2016-562,A212,9
2016-563,T022,8
2016-563,M273,6
2016-563,T418,1
2016-563,V155,7
2016-563,T356,3
2016-563,S432,10
2016-563,N265,11
2016-563,V044,12
2016-563,T300,5
2016-563,S413,9
2016-563,T346,4
2016-563,P269,2
2016-564,V414,11
2016-564,T267,12
2016-564,V273,5
2016-564,P121,4
2016-564,A082,8
2016-564,V340,7
2016-564,A012,3
2016-564,T059,2
2016-564,V302,9
2016-564,V200,1
2016-564,V012,6
2016-564,V010,10
2016-565,A014,8
2016-565,T314,9
2016-565,S417,2
2016-565,S407,5
2016-565,T160,1
2016-565,P268,6
2016-565,V011,4
2016-565,V259,11
2016-565,A144,12
2016-565,V182,7
2016-565,S078,3
2016-565,V216,10
2016-566,V306,2
2016-566,T344,11
2016-566,P190,9
2016-566,N387,10
2016-566,V022,3
2016-566,A146,4
2016-566,T178,8
2016-566,N409,12
2016-566,S329,5
2016-566,V413,6
2016-566,V146,1
2016-566,S425,7
2016-567,S204,11
2016-567,V311,12
2016-567,A140,10
2016-567,V021,3
2016-567,T358,6
2016-567,A202,4
2016-567,V358,9
2016-567,V059,8
2016-567,V315,5
2016-567,P041,7
2016-567,V229,1
2016-567,V278,2
2016-568,T055,3
2016-568,V111,9
2016-568,T236,8
2016-568,S147,11
2016-568,V212,1
2016-568,V046,10
2016-568,V188,6
2016-568,T146,4
2016-568,S023,2
2016-568,T363,5
2016-568,T109,7
2016-568,V408,12
2016-569,S014,12
2016-569,A203,7
2016-569,T095,8
2016-569,V070,4
2016-569,S337,5
2016-569,S028,2
2016-569,V235,11
2016-569,T112,6
2016-569,S447,10
2016-569,V134,9
2016-569,A009,1
2016-569,A064,3
2016-570,V132,10
2016-570,V170,3
2016-570,V214,9
2016-570,V150,8
2016-570,A091,12
2016-570,A136,1
2016-570,T379,5
2016-570,T188,2
2016-570,V310,7
2016-570,V077,6
2016-570,A025,4
2016-570,S125,11
2016-571,A243,3
2016-571,A210,2
2016-571,A200,4
2016-571,A198,5
2016-571,A199,1
2016-571,A020,6
2016-572,V141,6
2016-572,T378,11
2016-572,T258,9
2016-572,V144,1
2016-572,T401,3
2016-572,T063,4
2016-572,V163,13
2016-572,V063,7
2016-572,T076,10
2016-572,S283,12
2016-572,N186,8
2016-572,V375,14
2016-572,N432,2
2016-572,T346,5
2016-573,A036,13
2016-573,T105,3
2016-573,S245,9
2016-573,P151,4
2016-573,V048,2
2016-573,V326,5
2016-573,T220,12
2016-573,T187,10
2016-573,S388,8
2016-573,V087,1
2016-573,T413,11
2016-573,T412,7
2016-573,V156,6
2016-574,T080,3
2016-574,A204,2
2016-574,V338,6
2016-574,A057,1
2016-574,S426,4
2016-574,S405,5
2016-574,V314,8
2016-574,V369,9
2016-574,A075,7
2016-575,A086,6
2016-575,P422,4
2016-575,V244,13
2016-575,T381,9
2016-575,V312,12
2016-575,S370,2
2016-575,V205,8
2016-575,V323,5
2016-575,P295,11
2016-575,T202,7
2016-575,P297,10
2016-575,V396,1
2016-575,T056,3
2016-576,T348,5
2016-576,P396,2
2016-576,A168,4
2016-576,V416,11
2016-576,T405,3
2016-576,V415,8
2016-576,A067,6
2016-576,T357,1
2016-576,A182,7
2016-576,A094,12
2016-576,T419,9
2016-576,S172,10
2016-577,A008,1
2016-577,A171,6
2016-577,A215,8
2016-577,S138,4
2016-577,S442,7
2016-577,T349,2
2016-577,A147,11
2016-577,T330,3
2016-577,A022,9
2016-577,A164,12
2016-577,V123,10
2016-577,A039,5
2016-578,V052,4
2016-578,T396,10
2016-578,T374,5
2016-578,S212,6
2016-578,T293,9
2016-578,V092,1
2016-578,V128,7
2016-578,S269,3
2016-578,S206,8
2016-578,A170,2
2016-578,S156,11
2016-579,V316,1
2016-579,V254,6
2016-579,T390,14
2016-579,T416,8
2016-579,V081,4
2016-579,A172,9
2016-579,V019,7
2016-579,T092,10
2016-579,T409,5
2016-579,S015,12
2016-579,A061,3
2016-579,T062,2
2016-579,V405,11
2016-579,S146,13
2016-580,A173,7
2016-580,P212,10
2016-580,V176,12
2016-580,V079,13
2016-580,V035,2
2016-580,T399,4
2016-580,S362,14
2016-580,V379,6
2016-580,V407,9
2016-580,V223,1
2016-580,V045,11
2016-580,V321,8
2016-580,V040,3
2016-580,V301,5
2016-581,S300,8
2016-581,T287,12
2016-581,V091,6
2016-581,V179,11
2016-581,S205,4
2016-581,S354,1
2016-581,P405,5
2016-581,T323,2
2016-581,T263,3
2016-581,P168,7
2016-581,V238,9
2016-581,S338,10
2016-582,S051,10
2016-582,V209,12
2016-582,S246,8
2016-582,V036,7
2016-582,P046,3
2016-582,V145,9
2016-582,S234,1
2016-582,V164,4
2016-582,N416,5
2016-582,V295,11
2016-582,N177,6
2016-582,V060,2
2016-583,V348,10
2016-583,V406,12
2016-583,N426,9
2016-583,A087,7
2016-583,N193,8
2016-583,V230,4
2016-583,V171,11
2016-583,V377,5
2016-583,V026,1
2016-583,V143,2
2016-583,T289,3
2016-583,V261,6
2016-584,T099,6
2016-584,A151,8
2016-584,T431,3
2016-584,S098,4
2016-584,P330,10
2016-584,V393,5
2016-584,V385,9
2016-584,V286,11
2016-584,V401,12
2016-584,A150,1
2016-584,T334,7
2016-584,T415,2
2016-585,T380,10
2016-585,V309,7
2016-585,T160,3
2016-585,T385,2
2016-585,P272,8
2016-585,V392,11
2016-585,S133,5
2016-585,T140,1
2016-585,T338,6
2016-585,T335,9
2016-585,V031,4
2016-585,V042,12
2016-586,A131,9
2016-586,T096,8
2016-586,S436,3
2016-586,T183,5
2016-586,P310,10
2016-586,V076,7
2016-586,V055,1
2016-586,T324,2
2016-586,T209,6
2016-586,T392,4
2016-587,T129,4
2016-587,A110,10
2016-587,S044,6
2016-587,P421,12
2016-587,V138,2
2016-587,S431,5
2016-587,V412,8
2016-587,S397,3
2016-587,V071,7
2016-587,S279,11
2016-587,V248,1
2016-587,T421,9
2016-588,A116,2
2016-588,S435,6
2016-588,V053,10
2016-588,P363,8
2016-588,V242,12
2016-588,S199,7
2016-588,V279,3
2016-588,V020,5
2016-588,V131,9
2016-588,V183,11
2016-588,T368,1
2016-588,T151,4
2016-589,V032,12
2016-589,P064,10
2016-589,V064,7
2016-589,T133,11
2016-589,A026,9
2016-589,T054,5
2016-589,T280,8
2016-589,S305,2
2016-589,S130,4
2016-589,V389,6
2016-589,T253,3
2016-589,T233,1
2016-590,A209,7
2016-590,N409,12
2016-590,A104,11
2016-590,S424,1
2016-590,A027,9
2016-590,S098,6
2016-590,S028,4
2016-590,V369,14
2016-590,A077,10
2016-590,A208,8
2016-590,V225,2
2016-590,T023,3
2016-590,A124,5
2016-590,V409,13
2016-591,V056,13
2016-591,T207,3
2016-591,T285,2
2016-591,V243,10
2016-591,S339,5
2016-591,S121,4
2016-591,A122,12
2016-591,V365,11
2016-591,A083,9
2016-591,T199,6
2016-591,S131,7
2016-591,S054,14
2016-591,V247,8
2016-591,V001,1
2016-592,S344,4
2016-592,V349,13
2016-592,V378,12
2016-592,V336,8
2016-592,T113,3
2016-592,P436,6
2016-592,P185,5
2016-592,V354,10
2016-592,V119,7
2016-592,V313,9
2016-592,T364,11
2016-592,T223,2
2016-592,T181,1
2016-593,T355,6
2016-593,T186,5
2016-593,T094,8
2016-593,A115,9
2016-593,A090,1
2016-593,T305,4
2016-593,T245,7
2016-593,A114,2
2016-593,T371,3
2016-594,V231,9
2016-594,V203,2
2016-594,V367,8
2016-594,V161,4
2016-594,A007,3
2016-594,V088,1
2016-594,S301,10
2016-594,V009,6
2016-594,V234,5
2016-594,A191,11
2016-594,P400,12
2016-594,V413,7
2016-595,V135,3
2016-595,V199,6
2016-595,S404,1
2016-595,A040,12
2016-595,T052,4
2016-595,V017,5
2016-595,N317,8
2016-595,S240,2
2016-595,A216,7
2016-595,P267,9
2016-595,A065,11
2016-595,A261,10
2016-596,A239,12
2016-596,V404,11
2016-596,S439,4
2016-596,T302,5
2016-596,T313,9
2016-596,V264,1
2016-596,T376,8
2016-596,S299,10
2016-596,T134,7
2016-596,T389,2
2016-596,T171,3
2016-596,T213,6
2016-597,A005,13
2016-597,V217,2
2016-597,V111,12
2016-597,V174,14
2016-597,T098,8
2016-597,T417,1
2016-597,V184,10
2016-597,S093,4
2016-597,T406,3
2016-597,T163,9
2016-597,T145,6
2016-597,V181,5
2016-597,T391,7
2016-597,P439,11
2016-598,T083,6
2016-598,T087,3
2016-598,S109,10
2016-598,V016,13
2016-598,A037,8
2016-598,V150,12
2016-598,S358,7
2016-598,A003,11
2016-598,T262,5
2016-598,V099,14
2016-598,V126,2
2016-598,S298,9
2016-598,S221,4
2016-598,V388,1
2016-599,V061,8
2016-599,V177,9
2016-599,P415,10
2016-599,S440,12
2016-599,V027,5
2016-599,V141,6
2016-599,T019,11
2016-599,V213,2
2016-599,T089,7
2016-599,T295,3
2016-599,T203,4
2016-599,V058,1
2016-600,P044,5
2016-600,S147,9
2016-600,V408,10
2016-600,S378,8
2016-600,T187,6
2016-600,S023,2
2016-600,V039,7
2016-600,T108,4
2016-600,T105,1
2016-600,T195,3
2016-601,V276,9
2016-601,A059,12
2016-601,T205,6
2016-601,A068,11
2016-601,A082,10
2016-601,V226,4
2016-601,A145,1
2016-601,T333,2
2016-601,S096,5
2016-601,S291,7
2016-601,V302,8
2016-601,T284,3
2016-602,S425,5
2016-602,S204,12
2016-602,T383,1
2016-602,A063,2
2016-602,A017,11
2016-602,P063,7
2016-602,S047,10
2016-602,S385,6
2016-602,A087,9
2016-602,T059,4
2016-602,V117,3
2016-602,V116,8
2016-603,T292,10
2016-603,T336,3
2016-603,S133,1
2016-603,T159,12
2016-603,V400,11
2016-603,V341,9
2016-603,V011,4
2016-603,P423,8
2016-603,T282,5
2016-603,S148,6
2016-603,A146,2
2016-603,V265,7
2016-604,V291,1
2016-604,V311,12
2016-604,T353,2
2016-604,A111,11
2016-604,V053,9
2016-604,T352,5
2016-604,S447,10
2016-604,V131,8
2016-604,T046,6
2016-604,T342,4
2016-604,T117,7
2016-604,T369,3
2016-605,A185,12
2016-605,A097,6
2016-605,V250,11
2016-605,T010,10
2016-605,V200,4
2016-605,P355,7
2016-605,P041,9
2016-605,T095,8
2016-605,V278,5
2016-605,V229,1
2016-605,S422,2
2016-605,T189,3
2016-606,P429,4
2016-606,A194,8
2016-606,V307,2
2016-606,T051,10
2016-606,T396,7
2016-606,T011,11
2016-606,A051,1
2016-606,T400,5
2016-606,S253,6
2016-606,T426,3
2016-606,T200,9
2016-607,S193,12
2016-607,T154,14
2016-607,T004,11
2016-607,S320,6
2016-607,V015,10
2016-607,M255,13
2016-607,T079,1
2016-607,T378,8
2016-607,S305,5
2016-607,S150,4
2016-607,T401,3
2016-607,S234,2
2016-607,S405,7
2016-607,T027,9
2016-608,A048,14
2016-608,A178,7
2016-608,A006,6
2016-608,A008,1
2016-608,T138,8
2016-608,V306,2
2016-608,A121,9
2016-608,V215,5
2016-608,A085,10
2016-608,T320,3
2016-608,V340,11
2016-608,A018,12
2016-608,A192,4
2016-608,V418,13
2016-609,V303,2
2016-609,V069,10
2016-609,T265,12
2016-609,V417,5
2016-609,T056,6
2016-609,V323,3
2016-609,A123,4
2016-609,V072,8
2016-609,A057,1
2016-609,V334,9
2016-609,V130,13
2016-609,M148,11
2016-609,S218,7
2016-609,V255,14
2016-610,V358,10
2016-610,A152,2
2016-610,V324,5
2016-610,A189,6
2016-610,V102,9
2016-610,A010,1
2016-610,V296,3
2016-610,A190,14
2016-610,A044,8
2016-610,S113,7
2016-610,A153,11
2016-610,A054,13
2016-610,V037,4
2016-610,N309,12
2016-611,A172,12
2016-611,V240,11
2016-611,S244,9
2016-611,A201,14
2016-611,V081,3
2016-611,V405,10
2016-611,S106,13
2016-611,V370,7
2016-611,T062,1
2016-611,V101,2
2016-611,T286,4
2016-611,V045,5
2016-611,A212,8
2016-611,V270,6
2016-612,A129,5
2016-612,V246,1
2016-612,A002,4
2016-612,T109,8
2016-612,P230,6
2016-612,V380,2
2016-612,A041,12
2016-612,T315,10
2016-612,V133,9
2016-612,S152,7
2016-612,T198,13
2016-612,A093,3
2016-612,A112,11
2016-613,A135,8
2016-613,A095,6
2016-613,A050,2
2016-613,T403,5
2016-613,V361,9
2016-613,S349,12
2016-613,A139,14
2016-613,V223,1
2016-613,S142,10
2016-613,V300,11
2016-613,A120,13
2016-613,T028,3
2016-613,A215,4
2016-613,V293,7
2016-614,V325,2
2016-614,V083,3
2016-614,P192,4
2016-614,A627,7
2016-614,A609,1
2016-614,A628,8
2016-614,S217,6
2016-614,P270,5
2016-615,A203,12
2016-615,V415,9
2016-615,A140,13
2016-615,A067,6
2016-615,V347,5
2016-615,T432,2
2016-615,V372,14
2016-615,V024,1
2016-615,S247,10
2016-615,P372,11
2016-615,A011,4
2016-615,A021,8
2016-615,V290,3
2016-615,V199,7
2016-616,V094,5
2016-616,T098,8
2016-616,T192,2
2016-616,A113,1
2016-616,T114,4
2016-616,A159,3
2016-616,T242,7
2016-616,A119,12
2016-616,A024,11
2016-616,T375,14
2016-616,S380,9
2016-616,A214,10
2016-616,T094,13
2016-616,V410,6
2016-617,V312,10
2016-617,V369,12
2016-617,V363,11
2016-617,A015,8
2016-617,S370,1
2016-617,P330,9
2016-617,V009,2
2016-617,P388,7
2016-617,P121,6
2016-617,T431,3
2016-617,V273,5
2016-617,V421,4
2016-618,S074,10
2016-618,S376,12
2016-618,V091,6
2016-618,S205,5
2016-618,P130,8
2016-618,V060,1
2016-618,V295,11
2016-618,P324,9
2016-618,S286,2
2016-618,N416,4
2016-618,V164,3
2016-618,P070,7
2016-619,P257,12
2016-619,V377,5
2016-619,V305,6
2016-619,T054,7
2016-619,S367,1
2016-619,V044,11
2016-619,T420,3
2016-619,V259,10
2016-619,S202,2
2016-619,N139,4
2016-619,T339,8
2016-619,S124,9
2016-620,A275,11
2016-620,T253,5
2016-620,A191,12
2016-620,T099,9
2016-620,T415,3
2016-620,V385,8
2016-620,T381,6
2016-620,A031,7
2016-620,A007,1
2016-620,S185,10
2016-620,T361,4
2016-620,A150,2
2016-621,A144,8
2016-621,T336,2
2016-621,T110,11
2016-621,A084,12
2016-621,V182,5
2016-621,T201,4
2016-621,S078,3
2016-621,A014,7
2016-621,T314,10
2016-621,P268,9
2016-621,V156,6
2016-621,T223,1
2016-622,P310,9
2016-622,A182,7
2016-622,V278,2
2016-622,A065,11
2016-622,A164,12
2016-622,A216,8
2016-622,S397,4
2016-622,T324,3
2016-622,A117,10
2016-622,V127,5
2016-622,T357,1
2016-622,N317,6
2016-623,V059,10
2016-623,T183,3
2016-623,A039,6
2016-623,V197,1
2016-623,A218,2
2016-623,T024,8
2016-623,T052,4
2016-623,V235,9
2016-623,T112,5
2016-623,V412,7
2016-624,V242,12
2016-624,A116,2
2016-624,V379,7
2016-624,A239,11
2016-624,S138,4
2016-624,V254,5
2016-624,V105,3
2016-624,T234,8
2016-624,T368,1
2016-624,V025,9
2016-624,V183,10
2016-624,V114,6
2016-625,S320,5
2016-625,V319,14
2016-625,V155,7
2016-625,S176,12
2016-625,T045,6
2016-625,V220,11
2016-625,T329,10
2016-625,T258,9
2016-625,P295,8
2016-625,S346,2
2016-625,S417,1
2016-625,S241,4
2016-625,N248,3
2016-625,P354,13
2016-626,S266,6
2016-626,S146,8
2016-626,S147,9
2016-626,T236,7
2016-626,T145,2
2016-626,V184,5
2016-626,S437,1
2016-626,T146,3
2016-626,V188,4
2016-627,A204,3
2016-627,P400,11
2016-627,A027,10
2016-627,A034,12
2016-627,V076,6
2016-627,T359,2
2016-627,T422,5
2016-627,A030,1
2016-627,A211,4
2016-627,A267,8
2016-627,A208,13
2016-627,V231,7
2016-627,A125,9
2016-628,T326,3
2016-628,V403,12
2016-628,T224,5
2016-628,S113,8
2016-628,V263,10
2016-628,V349,14
2016-628,V089,1
2016-628,V309,6
2016-628,T256,11
2016-628,V365,9
2016-628,P309,7
2016-628,T159,13
2016-628,T385,2
2016-628,V284,4
2016-629,T220,13
2016-629,P272,7
2016-629,P151,2
2016-629,T416,9
2016-629,T105,1
2016-629,P436,12
2016-629,V354,14
2016-629,V039,8
2016-629,V189,6
2016-629,V326,3
2016-629,T195,5
2016-629,S388,11
2016-629,T092,10
2016-629,T108,4
2016-630,A109,13
2016-630,A170,4
2016-630,V066,8
2016-630,V092,1
2016-630,S010,10
2016-630,A051,2
2016-630,V128,9
2016-630,N236,6
2016-630,P361,3
2016-630,S312,12
2016-630,P429,7
2016-630,A230,14
2016-630,T171,5
2016-630,T051,11
2016-631,S391,1
2016-631,S411,2
2016-631,V167,3
2016-631,A630,5
2016-631,A631,6
2016-631,T219,4
2016-632,S398,9
2016-632,S206,10
2016-632,T301,8
2016-632,S284,5
2016-632,T179,2
2016-632,S143,6
2016-632,T251,3
2016-632,T235,4
2016-632,V153,1
2016-632,T211,7
2016-633,T334,8
2016-633,V269,5
2016-633,S442,4
2016-633,A185,14
2016-633,S200,7
2016-633,P396,3
2016-633,V002,12
2016-633,V264,1
2016-633,V123,10
2016-633,A147,13
2016-633,T190,11
2016-633,A171,6
2016-633,V126,2
2016-633,V342,9
2016-634,V080,10
2016-634,V381,13
2016-634,T268,11
2016-634,T262,8
2016-634,V142,3
2016-634,A066,5
2016-634,S253,9
2016-634,V214,14
2016-634,T372,4
2016-634,V151,6
2016-634,V217,2
2016-634,P031,12
2016-634,S298,7
2016-634,T184,1
2016-635,S413,9
2016-635,T346,3
2016-635,T356,4
2016-635,T435,10
2016-635,T418,1
2016-635,T039,12
2016-635,S432,6
2016-635,V044,11
2016-635,P269,2
2016-635,P105,8
2016-635,S130,5
2016-635,T073,7
2016-636,S337,4
2016-636,A151,11
2016-636,T205,7
2016-636,V143,1
2016-636,A059,10
2016-636,A075,9
2016-636,N387,8
2016-636,T333,2
2016-636,V074,12
2016-636,V117,3
2016-636,V012,6
2016-636,V302,5
2016-637,T178,6
2016-637,V147,7
2016-637,V026,1
2016-637,A082,9
2016-637,T320,2
2016-637,V242,12
2016-637,V261,4
2016-637,A029,10
2016-637,V243,8
2016-637,S329,3
2016-637,A063,5
2016-637,S047,11
2016-638,V416,7
2016-638,V270,10
2016-638,T390,12
2016-638,S138,3
2016-638,T353,2
2016-638,A246,11
2016-638,V134,8
2016-638,S199,9
2016-638,T095,6
2016-638,V279,1
2016-638,V020,4
2016-638,V370,5
2016-639,N432,3
2016-639,T288,11
2016-639,S148,9
2016-639,A146,2
2016-639,P256,5
2016-639,T335,8
2016-639,V042,10
2016-639,S379,12
2016-639,T140,1
2016-639,V011,4
2016-639,T338,6
2016-639,A012,7
2016-640,T405,4
2016-640,A261,10
2016-640,A160,11
2016-640,A140,12
2016-640,S362,8
2016-640,S044,7
2016-640,P106,9
2016-640,V229,1
2016-640,P041,6
2016-640,A092,3
2016-640,A009,2
2016-640,T399,5
2016-641,T163,8
2016-641,V132,11
2016-641,T342,3
2016-641,T188,5
2016-641,V008,6
2016-641,T094,12
2016-641,A214,9
2016-641,S242,10
2016-641,T370,4
2016-641,V186,2
2016-641,T230,7
2016-641,A136,1
2016-642,V070,5
2016-642,V116,8
2016-642,V248,1
2016-642,S172,9
2016-642,A197,12
2016-642,A022,10
2016-642,V016,11
2016-642,T392,6
2016-642,A064,3
2016-642,A202,7
2016-642,T273,2
2016-642,V138,4
2016-643,A199,5
2016-643,A181,9
2016-643,A207,8
2016-643,A198,7
2016-643,A242,6
2016-643,A210,2
2016-643,A200,4
2016-643,A299,1
2016-643,A243,3
2016-644,S054,12
2016-644,V311,13
2016-644,A046,10
2016-644,S278,4
2016-644,V276,5
2016-644,V406,11
2016-644,V392,9
2016-644,A153,8
2016-644,S218,7
2016-644,T412,6
2016-644,S405,3
2016-644,P373,2
2016-644,V396,1
2016-645,A025,4
2016-645,T009,1
2016-645,T371,3
2016-645,T245,6
2016-645,S156,5
2016-645,A114,2
2016-645,T118,7
2016-646,V378,12
2016-646,S326,11
2016-646,S344,4
2016-646,S121,6
2016-646,V336,8
2016-646,T423,13
2016-646,V072,7
2016-646,V154,2
2016-646,A083,9
2016-646,T336,5
2016-646,V119,10
2016-646,T113,3
2016-646,V001,1
2016-647,A257,2
2016-647,V390,1
2016-647,A209,5
2016-647,V225,4
2016-647,A177,6
2016-647,V313,11
2016-647,S424,3
2016-647,T099,10
2016-647,A087,7
2016-647,A104,8
2016-647,A015,12
2016-647,V414,13
2016-647,V231,9
2016-647,A077,14
2016-648,A116,2
2016-648,S426,5
2016-648,N309,11
2016-648,S342,9
2016-648,V312,13
2016-648,P297,8
2016-648,A192,7
2016-648,S323,4
2016-648,V165,6
2016-648,A224,1
2016-648,A145,3
2016-648,V346,12
2016-648,V247,10
2016-649,T361,3
2016-649,A004,12
2016-649,A071,14
2016-649,V232,13
2016-649,A072,4
2016-649,S431,5
2016-649,A130,9
2016-649,P310,8
2016-649,A008,1
2016-649,A021,2
2016-649,V014,6
2016-649,T010,7
2016-649,A237,10
2016-649,V404,11
2016-650,V405,7
2016-650,T199,4
2016-650,V111,10
2016-650,S418,6
2016-650,P267,12
2016-650,V019,3
2016-650,V212,1
2016-650,V362,8
2016-650,T213,5
2016-650,T218,11
2016-650,V181,2
2016-650,V241,13
2016-650,A003,9
2016-650,A227,14
2016-651,V368,12
2016-651,V140,2
2016-651,A155,11
2016-651,A110,5
2016-651,A137,13
2016-651,S244,8
2016-651,V250,10
2016-651,S280,6
2016-651,T096,3
2016-651,V040,1
2016-651,V150,9
2016-651,A067,4
2016-651,S299,7
2016-652,A232,10
2016-652,A217,13
2016-652,T189,1
2016-652,V176,8
2016-652,A098,6
2016-652,T352,5
2016-652,A095,4
2016-652,T100,2
2016-652,P212,3
2016-652,T098,9
2016-652,P435,12
2016-652,A169,11
2016-652,V301,7
2016-652,S349,14
2016-653,S204,12
2016-653,A266,1
2016-653,A191,11
2016-653,A039,3
2016-653,V393,6
2016-653,A068,9
2016-653,S399,7
2016-653,V376,4
2016-653,S185,10
2016-653,T284,2
2016-653,N317,5
2016-653,V274,8
2016-654,P405,4
2016-654,V091,7
2016-654,T263,2
2016-654,S354,1
2016-654,P070,9
2016-654,T287,12
2016-654,P168,3
2016-654,S338,8
2016-654,P324,6
2016-654,V036,5
2016-654,S205,10
2016-654,V238,11
2016-655,A201,9
2016-655,T409,2
2016-655,A111,7
2016-655,V025,5
2016-655,V046,8
2016-655,V188,6
2016-655,V081,4
2016-655,S355,1
2016-655,T363,3
2016-656,V260,9
2016-656,S295,7
2016-656,A122,11
2016-656,T181,1
2016-656,V408,12
2016-656,V102,4
2016-656,S078,3
2016-656,T160,2
2016-656,P423,8
2016-656,N177,5
2016-656,V340,10
2016-656,S388,6
2016-657,A117,8
2016-657,A139,12
2016-657,S172,6
2016-657,A235,11
2016-657,A195,10
2016-657,V358,3
2016-657,T302,2
2016-657,V293,5
2016-657,A158,9
2016-657,T210,7
2016-657,V197,1
2016-657,V071,4
2016-658,S247,11
2016-658,V413,6
2016-658,S439,3
2016-658,V221,7
2016-658,V306,2
2016-658,P120,12
2016-658,A052,10
2016-658,S291,8
2016-658,S385,5
2016-658,V273,9
2016-658,T207,4
2016-658,A057,1
2016-659,T216,3
2016-659,T083,9
2016-659,T248,8
2016-659,S191,12
2016-659,T124,6
2016-659,A051,1
2016-659,S319,10
2016-659,P214,11
2016-659,V052,5
2016-659,V307,2
2016-659,T374,7
2016-659,V310,4
2016-660,T419,8
2016-660,V278,2
2016-660,A203,11
2016-660,T024,6
2016-660,V053,10
2016-660,S279,9
2016-660,V235,7
2016-660,P097,5
2016-660,V055,1
2016-660,A164,12
2016-660,T402,4
2016-660,A150,3
2016-661,A048,12
2016-661,T320,3
2016-661,A275,9
2016-661,A078,6
2016-661,T373,10
2016-661,V418,11
2016-661,A055,8
2016-661,V302,4
2016-661,T080,2
2016-661,V379,5
2016-661,V068,1
2016-661,V243,7
2016-662,T027,7
2016-662,V377,6
2016-662,T429,5
2016-662,T233,2
2016-662,T237,11
2016-662,S409,8
2016-662,S367,1
2016-662,T280,9
2016-662,V064,10
2016-662,P205,12
2016-662,V389,4
2016-662,T418,3
2016-663,V130,10
2016-663,T432,2
2016-663,V338,5
2016-663,A005,11
2016-663,A219,3
2016-663,S044,7
2016-663,N387,9
2016-663,V369,12
2016-663,A255,8
2016-663,V088,1
2016-663,V157,4
2016-663,A179,6
2016-664,N248,8
2016-664,P151,7
2016-664,S245,12
2016-664,T092,9
2016-664,V403,13
2016-664,V122,11
2016-664,S023,6
2016-664,T274,4
2016-664,V326,1
2016-664,T187,10
2016-664,V048,5
2016-664,S346,2
2016-664,T105,3
2016-664,V406,14
2016-665,A168,4
2016-665,P421,9
2016-665,A050,2
2016-665,V024,1
2016-665,A286,5
2016-665,T236,7
2016-665,A215,3
2016-665,V361,8
2016-665,V416,6
2016-665,A160,10
2016-665,A131,11
2016-666,A182,6
2016-666,A006,2
2016-666,A190,14
2016-666,A010,3
2016-666,T202,7
2016-666,V323,4
2016-666,S106,12
2016-666,S218,9
2016-666,A030,1
2016-666,V069,8
2016-666,A123,5
2016-666,T253,10
2016-666,A085,11
2016-666,V363,13
2016-667,A185,12
2016-667,S014,11
2016-667,A305,7
2016-667,S200,6
2016-667,T334,8
2016-667,V412,5
2016-667,T313,9
2016-667,S442,3
2016-667,T389,1
2016-667,A094,10
2016-667,V264,2
2016-667,T376,4
2016-668,A263,10
2016-668,A230,12
2016-668,T129,4
2016-668,V123,8
2016-668,A147,9
2016-668,A072,5
2016-668,T349,3
2016-668,A040,11
2016-668,A097,7
2016-668,A079,2
2016-668,V248,1
2016-668,V199,6
2016-669,P363,10
2016-669,V321,6
2016-669,V223,1
2016-669,A239,14
2016-669,V019,3
2016-669,T286,5
2016-669,A120,13
2016-669,V192,12
2016-669,V101,4
2016-669,V240,7
2016-669,A061,2
2016-669,V381,9
2016-669,A172,8
2016-669,S015,11
2016-670,A118,14
2016-670,A024,11
2016-670,T192,3
2016-670,S437,2
2016-670,A159,6
2016-670,T094,13
2016-670,T355,10
2016-670,A091,12
2016-670,V410,8
2016-670,A119,9
2016-670,T114,5
2016-670,T087,4
2016-670,A113,1
2016-670,T188,7
2016-671,S150,5
2016-671,S446,12
2016-671,S328,10
2016-671,T019,9
2016-671,V144,3
2016-671,S286,4
2016-671,S176,11
2016-671,T393,8
2016-671,V213,1
2016-671,T383,7
2016-671,T295,6
2016-671,P293,2
2016-672,T059,5
2016-672,V205,8
2016-672,A014,9
2016-672,P121,3
2016-672,P388,7
2016-672,V348,12
2016-672,S096,6
2016-672,V421,4
2016-672,T183,2
2016-672,V401,11
2016-672,A007,1
2016-672,V147,10
2016-673,A204,1
2016-673,V171,10
2016-673,S047,12
2016-673,V121,9
2016-673,V286,11
2016-673,V117,5
2016-673,S028,7
2016-673,T431,3
2016-673,S113,8
2016-673,T333,2
2016-673,S329,4
2016-673,S385,6
2016-674,S147,10
2016-674,T223,5
2016-674,T159,12
2016-674,T282,7
2016-674,P423,8
2016-674,T335,9
2016-674,V417,4
2016-674,S370,2
2016-674,A146,3
2016-674,S073,1
2016-674,T326,6
2016-674,T288,11
2016-675,T234,4
2016-675,A249,9
2016-675,P099,8
2016-675,A218,7
2016-675,A232,10
2016-675,V105,2
2016-675,T095,5
2016-675,V131,6
2016-675,T368,1
2016-675,V114,3
2016-676,T390,10
2016-676,T082,6
2016-676,T421,9
2016-676,T391,3
2016-676,T369,2
2016-676,S447,8
2016-676,T055,4
2016-676,V279,1
2016-676,T046,5
2016-676,V183,7
2016-677,V014,9
2016-677,A216,8
2016-677,S414,7
2016-677,A140,10
2016-677,T361,4
2016-677,T392,3
2016-677,T357,1
2016-677,A022,6
2016-677,T324,2
2016-677,V350,5
2016-678,A110,11
2016-678,V206,10
2016-678,V278,3
2016-678,T405,9
2016-678,A023,12
2016-678,A171,8
2016-678,V229,1
2016-678,P429,4
2016-678,T112,5
2016-678,V200,2
2016-678,V370,7
2016-678,T399,6
2016-679,T108,4
2016-679,V223,1
2016-679,A246,7
2016-679,A239,6
2016-679,S147,8
2016-679,T145,2
2016-679,V184,5
2016-679,T146,3
2016-680,A082,9
2016-680,A125,10
2016-680,A081,8
2016-680,S240,5
2016-680,A087,6
2016-680,P063,4
2016-680,V385,7
2016-680,A221,1
2016-680,S424,3
2016-680,A015,12
2016-680,V364,13
2016-680,A267,14
2016-680,A018,11
2016-680,A209,2
2016-681,A189,4
2016-681,T056,2
2016-681,V244,14
2016-681,V354,13
2016-681,V263,9
2016-681,V216,8
2016-681,T220,12
2016-681,V309,3
2016-681,T028,1
2016-681,V320,10
2016-681,S138,7
2016-681,P272,6
2016-681,V265,5
2016-681,V400,11
2016-682,V372,12
2016-682,A196,2
2016-682,V002,9
2016-682,V150,8
2016-682,V176,5
2016-682,A184,3
2016-682,V301,6
2016-682,T096,4
2016-682,A116,1
2016-682,V045,7
2016-682,A137,11
2016-682,P435,10
2016-683,S358,7
2016-683,S352,5
2016-683,A134,11
2016-683,S221,3
2016-683,S093,6
2016-683,V214,8
2016-683,T262,4
2016-683,V142,1
2016-683,V172,9
2016-683,P031,10
2016-683,T371,2
2016-684,V303,2
2016-684,V037,4
2016-684,S405,8
2016-684,V089,3
2016-684,S054,14
2016-684,S203,9
2016-684,V324,6
2016-684,A121,11
2016-684,A027,13
2016-684,S342,7
2016-684,A178,1
2016-684,A152,5
2016-684,T265,10
2016-684,A153,12
2016-685,P192,3
2016-685,A093,1
2016-685,A129,4
2016-685,A112,5
2016-685,V083,2
2016-686,S206,9
2016-686,T245,10
2016-686,V344,1
2016-686,T251,6
2016-686,A170,4
2016-686,T301,7
2016-686,T235,5
2016-686,T005,8
2016-686,V153,2
2016-686,T179,3
2016-687,V250,13
2016-687,S362,10
2016-687,A228,3
2016-687,T348,6
2016-687,P212,7
2016-687,T163,9
2016-687,A217,14
2016-687,T100,5
2016-687,V016,12
2016-687,A169,11
2016-687,T189,4
2016-687,V269,8
2016-687,V126,2
2016-687,T062,1
2016-688,T011,14
2016-688,A252,8
2016-688,V290,1
2016-688,T171,5
2016-688,S156,6
2016-688,A109,13
2016-688,T293,10
2016-688,S212,7
2016-688,T372,2
2016-688,T396,9
2016-688,V151,4
2016-688,S269,3
2016-688,T051,12
2016-688,T200,11
2016-689,V403,8
2016-689,P268,6
2016-689,V212,1
2016-689,T113,5
2016-689,S131,7
2016-689,V336,3
2016-689,S121,4
2016-689,T385,2
2016-689,V378,9
2016-689,V406,10
2016-690,P130,7
2016-690,P205,14
2016-690,S376,13
2016-690,S300,9
2016-690,V220,11
2016-690,V365,6
2016-690,V061,5
2016-690,T089,4
2016-690,T045,8
2016-690,V179,12
2016-690,S074,10
2016-690,T203,2
2016-690,S205,3
2016-690,V060,1
2016-691,V234,5
2016-691,S130,6
2016-691,V415,11
2016-691,S055,8
2016-691,V367,3
2016-691,A274,9
2016-691,V123,10
2016-691,P400,12
2016-691,T359,1
2016-691,T381,7
2016-691,S277,2
2016-691,S439,4
2016-692,N111,3
2016-692,V369,12
2016-692,V349,10
2016-692,T364,13
2016-692,T187,8
2016-692,V072,4
2016-692,S326,7
2016-692,A083,5
2016-692,T423,9
2016-692,V001,1
2016-692,P267,11
2016-692,V323,2
2016-692,P425,6
2016-693,V022,5
2016-693,A117,11
2016-693,T253,10
2016-693,V376,7
2016-693,S337,8
2016-693,V296,4
2016-693,V231,6
2016-693,S367,1
2016-693,V226,3
2016-693,V161,2
2016-693,V255,12
2016-693,T099,9
2016-694,T134,2
2016-694,V254,3
2016-694,S418,6
2016-694,T313,9
2016-694,S200,4
2016-694,T330,1
2016-694,V232,11
2016-694,A305,8
2016-694,A094,7
2016-694,V404,10
2016-694,A037,5
2016-695,T379,9
2016-695,T242,6
2016-695,P439,7
2016-695,T094,10
2016-695,A066,4
2016-695,T305,5
2016-695,T370,2
2016-695,A136,1
2016-695,V181,3
2016-695,S264,8
2016-696,V174,14
2016-696,S014,12
2016-696,A212,10
2016-696,S312,11
2016-696,V025,4
2016-696,T098,9
2016-696,S244,6
2016-696,V337,13
2016-696,T376,2
2016-696,V405,5
2016-696,V111,7
2016-696,V187,3
2016-696,T417,1
2016-696,T236,8
2016-697,A070,5
2016-697,A198,2
2016-697,A242,4
2016-697,A207,3
2016-697,A200,1
2016-697,A181,6
2016-698,A046,9
2016-698,A174,7
2016-698,V386,10
2016-698,A078,6
2016-698,T178,5
2016-698,T320,4
2016-698,S133,2
2016-698,T422,3
2016-698,T373,8
2016-698,A257,1
2016-698,S349,11
2016-699,T401,4
2016-699,V129,11
2016-699,S305,6
2016-699,V375,14
2016-699,T285,5
2016-699,T383,7
2016-699,P295,10
2016-699,V058,1
2016-699,A026,13
2016-699,S417,3
2016-699,V063,8
2016-699,T280,12
2016-699,V144,2
2016-699,T258,9
2016-700,A278,3
2016-700,A266,1
2016-700,A085,9
2016-700,A191,12
2016-700,A348,4
2016-700,A151,11
2016-700,V130,7
2016-700,V313,8
2016-700,T129,2
2016-700,V338,5
2016-700,S301,10
2016-700,A068,6
2016-701,A091,8
2016-701,P230,5
2016-701,T198,9
2016-701,A214,6
2016-701,S437,1
2016-701,V125,4
2016-701,A002,3
2016-701,V246,2
2016-701,T315,7
2016-702,P297,4
2016-702,A088,2
2016-702,A027,9
2016-702,V341,10
2016-702,N432,5
2016-702,A122,12
2016-702,A110,8
2016-702,V276,7
2016-702,A222,1
2016-702,V242,11
2016-702,S323,3
2016-702,M148,6
2016-702,V311,13
2016-703,T374,3
2016-703,S393,6
2016-703,S145,5
2016-703,T114,4
2016-703,T192,2
2016-703,A113,1
2016-703,T219,7
2016-704,A230,13
2016-704,A185,10
2016-704,A343,5
2016-704,T361,6
2016-704,A263,12
2016-704,V256,2
2016-704,A261,11
2016-704,V248,1
2016-704,V195,9
2016-704,S280,7
2016-704,T302,4
2016-704,A262,3
2016-704,S142,8
2016-705,V235,10
2016-705,V099,14
2016-705,A245,9
2016-705,A253,2
2016-705,A244,11
2016-705,V135,6
2016-705,A215,4
2016-705,A008,1
2016-705,V017,5
2016-705,T331,8
2016-705,P310,12
2016-705,S216,13
2016-705,A124,3
2016-705,A100,7
2016-706,V236,14
2016-706,A235,13
2016-706,A098,7
2016-706,A004,10
2016-706,A140,12
2016-706,T213,2
2016-706,A193,5
2016-706,V240,6
2016-706,A067,4
2016-706,T349,1
2016-706,V079,9
2016-706,V297,8
2016-706,A139,11
2016-706,A162,3
2016-707,V377,5
2016-707,V155,4
2016-707,T336,3
2016-707,V305,6
2016-707,S050,7
2016-707,S176,11
2016-707,T292,10
2016-707,S241,1
2016-707,T019,8
2016-707,V032,12
2016-707,V042,9
2016-707,T418,2
2016-708,S251,4
2016-708,V259,6
2016-708,P257,12
2016-708,S124,11
2016-708,V044,8
2016-708,T123,7
2016-708,T420,2
2016-708,N387,10
2016-708,N186,9
2016-708,S202,1
2016-708,N139,3
2016-708,T300,5
2016-709,A057,1
2016-709,V274,11
2016-709,T339,8
2016-709,V314,10
2016-709,A063,6
2016-709,V306,3
2016-709,T347,12
2016-709,A049,2
2016-709,V401,9
2016-709,T080,4
2016-709,V022,5
2016-709,V273,7
2016-710,V334,6
2016-710,P256,7
2016-710,T160,4
2016-710,A005,11
2016-710,S379,12
2016-710,S378,10
2016-710,T314,8
2016-710,A146,3
2016-710,V011,5
2016-710,T140,1
2016-710,V260,9
2016-710,S370,2
2016-711,A111,6
2016-711,T363,2
2016-711,V183,7
2016-711,V188,5
2016-711,S414,8
2016-711,V156,4
2016-711,P099,10
2016-711,T390,12
2016-711,V013,11
2016-711,T409,1
2016-711,V046,9
2016-711,V081,3
2016-712,V358,4
2016-712,A158,8
2016-712,V053,11
2016-712,A022,9
2016-712,A164,12
2016-712,V055,1
2016-712,T358,2
2016-712,V370,5
2016-712,T210,10
2016-712,V293,7
2016-712,V012,3
2016-712,S431,6
2016-713,A195,11
2016-713,V127,2
2016-713,V288,8
2016-713,T357,1
2016-713,A155,12
2016-713,P429,9
2016-713,A202,7
2016-713,P106,10
2016-713,P212,6
2016-713,V261,5
2016-713,A064,4
2016-713,T052,3
2016-714,A213,10
2016-714,T171,3
2016-714,V052,6
2016-714,S319,9
2016-714,T400,4
2016-714,T426,2
2016-714,S253,8
2016-714,P361,1
2016-714,T399,7
2016-714,N236,5
2016-715,A182,6
2016-715,V228,12
2016-715,A205,8
2016-715,A267,14
2016-715,A015,13
2016-715,A281,4
2016-715,V393,10
2016-715,A204,1
2016-715,A013,5
2016-715,A315,7
2016-715,A104,9
2016-715,A177,2
2016-715,V385,3
2016-715,A125,11
2016-716,S320,6
2016-716,V215,2
2016-716,T079,1
2016-716,T356,4
2016-716,V317,8
2016-716,T022,11
2016-716,T340,3
2016-716,A014,9
2016-716,S409,7
2016-716,V389,5
2016-716,T073,10
2016-716,T027,12
2016-717,A053,10
2016-717,S055,8
2016-717,S204,12
2016-717,S367,1
2016-717,S121,3
2016-717,T359,2
2016-717,V076,6
2016-717,A208,11
2016-717,S054,9
2016-717,A259,7
2016-717,V413,5
2016-717,V157,4
2016-718,V189,4
2016-718,V238,11
2016-718,T092,7
2016-718,T105,1
2016-718,P151,3
2016-718,P405,8
2016-718,V122,6
2016-718,S147,13
2016-718,T108,5
2016-718,V392,12
2016-718,S023,2
2016-718,V039,9
2016-718,T416,10
2016-719,T412,9
2016-719,T224,4
2016-719,A030,1
2016-719,S388,6
2016-719,T256,12
2016-719,V263,8
2016-719,T220,13
2016-719,V354,11
2016-719,V416,5
2016-719,V216,10
2016-719,V089,2
2016-719,T298,7
2016-719,A152,3
2016-720,V229,1
2016-720,A296,7
2016-720,V390,3
2016-720,A130,9
2016-720,V059,8
2016-720,A079,2
2016-720,T302,4
2016-720,A203,11
2016-720,A072,5
2016-720,A163,6
2016-720,V250,10
2016-721,V008,8
2016-721,P031,11
2016-721,T371,4
2016-721,T293,7
2016-721,T151,3
2016-721,S264,5
2016-721,A194,12
2016-721,V066,6
2016-721,T184,2
2016-721,A115,9
2016-721,V397,1
2016-721,A109,10
2016-722,T010,11
2016-722,S442,3
2016-722,V412,4
2016-722,A097,7
2016-722,V350,5
2016-722,S200,6
2016-722,T254,1
2016-722,V264,2
2016-722,S191,9
2016-722,A197,12
2016-722,V423,8
2016-722,T313,10
2016-723,A286,4
2016-723,V176,6
2016-723,P435,11
2016-723,A050,2
2016-723,A135,9
2016-723,A147,8
2016-723,A003,10
2016-723,P373,3
2016-723,V024,1
2016-723,T082,7
2016-723,T193,5
2016-724,A239,11
2016-724,A227,13
2016-724,V316,2
2016-724,V321,7
2016-724,P309,4
2016-724,P363,12
2016-724,V134,8
2016-724,V019,3
2016-724,V333,1
2016-724,V361,9
2016-724,A118,14
2016-724,A218,6
2016-724,A172,10
2016-724,V217,5
2016-725,T335,7
2016-725,T159,10
2016-725,S138,8
2016-725,V417,2
2016-725,N177,5
2016-725,V119,9
2016-725,T056,3
2016-725,S245,6
2016-725,T333,1
2016-725,S023,4
2016-726,T282,7
2016-726,V276,8
2016-726,S078,5
2016-726,V182,6
2016-726,T338,2
2016-726,V171,10
2016-726,N432,1
2016-726,T369,4
2016-726,V164,3
2016-726,T187,9
2016-727,S291,8
2016-727,A219,4
2016-727,V309,5
2016-727,S096,7
2016-727,A209,6
2016-727,T289,1
2016-727,V074,11
2016-727,S349,12
2016-727,V022,3
2016-727,A059,10
2016-727,S385,2
2016-727,S044,9
2016-728,A233,10
2016-728,V014,9
2016-728,S404,4
2016-728,T427,1
2016-728,T392,5
2016-728,S397,6
2016-728,T334,7
2016-728,A051,2
2016-728,S216,8
2016-728,T324,3
2016-729,S324,12
2016-729,T207,1
2016-729,V086,5
2016-729,A144,10
2016-729,S185,11
2016-729,A029,9
2016-729,A179,6
2016-729,T284,2
2016-729,T183,3
2016-729,S399,8
2016-729,A052,7
2016-729,V302,4
2016-730,T095,4
2016-730,V223,3
2016-730,V407,8
2016-730,V025,7
2016-730,S447,9
2016-730,V020,5
2016-730,V279,2
2016-730,T218,10
2016-730,T046,6
2016-730,A134,11
2016-730,T368,1
2016-731,S242,9
2016-731,V181,3
2016-731,T379,10
2016-731,T370,2
2016-731,T197,12
2016-731,T109,5
2016-731,T230,6
2016-731,V381,8
2016-731,T188,7
2016-731,V186,1
2016-731,A066,4
2016-731,T094,11
2016-732,T405,10
2016-732,A094,11
2016-732,T112,6
2016-732,T248,8
2016-732,V200,2
2016-732,V071,9
2016-732,V278,3
2016-732,A150,1
2016-732,V347,4
2016-732,T024,7
2016-732,A040,12
2016-732,P041,5
2016-733,A020,5
2016-733,A198,3
2016-733,A070,4
2016-733,A301,2
2016-733,A299,1
2016-733,A220,6
2016-734,P128,11
2016-734,S286,6
2016-734,S417,4
2016-734,S328,12
2016-734,V058,2
2016-734,N416,8
2016-734,V179,13
2016-734,S205,9
2016-734,T323,10
2016-734,V063,7
2016-734,P293,5
2016-734,P354,14
2016-734,S346,3
2016-734,V213,1
2016-735,N309,8
2016-735,A272,1
2016-735,A224,4
2016-735,A018,11
2016-735,S106,12
2016-735,S218,5
2016-735,A004,13
2016-735,A055,7
2016-735,A190,14
2016-735,T202,2
2016-735,V324,3
2016-735,V265,10
2016-735,V102,6
2016-735,A110,9
2016-736,V001,1
2016-736,V334,9
2016-736,V226,6
2016-736,V242,14
2016-736,P272,10
2016-736,T220,13
2016-736,V323,2
2016-736,V349,12
2016-736,T385,5
2016-736,P425,7
2016-736,S244,8
2016-736,S344,4
2016-736,S326,11
2016-736,V154,3
2016-737,T129,4
2016-737,T345,7
2016-737,T373,8
2016-737,V088,2
2016-737,A123,5
2016-737,P400,9
2016-737,V379,3
2016-737,A275,11
2016-737,V402,10
2016-737,A185,12
2016-737,T059,6
2016-737,A221,1
2016-738,S355,1
2016-738,V326,2
2016-738,S437,3
2016-738,V013,8
2016-738,T145,4
2016-738,A201,9
2016-738,S266,6
2016-738,V192,7
2016-738,V184,5
2016-739,T391,5
2016-739,V111,4
2016-739,P267,7
2016-739,T281,2
2016-739,S312,8
2016-739,T376,3
2016-739,T417,1
2016-739,V232,10
2016-739,A169,9
2016-739,P421,6
2016-740,V235,7
2016-740,A244,11
2016-740,A171,5
2016-740,A215,4
2016-740,V256,3
2016-740,V068,2
2016-740,A260,6
2016-740,A216,10
2016-740,T419,8
2016-740,V248,1
2016-740,A253,9
2016-741,T342,5
2016-741,A091,10
2016-741,S332,2
2016-741,T355,8
2016-741,T305,3
2016-741,A024,9
2016-741,A041,7
2016-741,V214,11
2016-741,T087,1
2016-741,V410,6
2016-741,T406,4
2016-742,A183,7
2016-742,V290,4
2016-742,V092,1
2016-742,V342,3
2016-742,S212,10
2016-742,V151,5
2016-742,T396,11
2016-742,T200,9
2016-742,T400,8
2016-742,A250,6
2016-742,T051,12
2016-742,A021,2
2016-743,V141,3
2016-743,V145,12
2016-743,P064,9
2016-743,S413,11
2016-743,S087,2
2016-743,M273,7
2016-743,N265,10
2016-743,V252,6
2016-743,T356,4
2016-743,S432,8
2016-743,T346,5
2016-743,T285,1
2016-744,N426,9
2016-744,A101,7
2016-744,V147,6
2016-744,T263,3
2016-744,S303,11
2016-744,T019,5
2016-744,V220,10
2016-744,S070,1
2016-744,S446,12
2016-744,T295,2
2016-744,T292,8
2016-744,T393,4
2016-745,A023,12
2016-745,S329,2
2016-745,V185,6
2016-745,A191,11
2016-745,T253,10
2016-745,A182,4
2016-745,S295,7
2016-745,V121,8
2016-745,A128,9
2016-745,V221,5
2016-745,V143,1
2016-745,P121,3
2016-746,P423,6
2016-746,T160,4
2016-746,V406,11
2016-746,V048,3
2016-746,V408,12
2016-746,V400,9
2016-746,T274,2
2016-746,V247,10
2016-746,S378,8
2016-746,T105,1
2016-746,S388,5
2016-746,S414,7
2016-747,V394,6
2016-747,A158,10
2016-747,A089,11
2016-747,V362,9
2016-747,V116,8
2016-747,A155,12
2016-747,T100,4
2016-747,P396,2
2016-747,V055,1
2016-747,T273,3
2016-747,A072,5
2016-747,A337,7
2016-748,S370,2
2016-748,A140,11
2016-748,S278,10
2016-748,N248,6
2016-748,T314,9
2016-748,A146,3
2016-748,V182,7
2016-748,T383,5
2016-748,S073,1
2016-748,T028,4
2016-748,V042,8
2016-749,V293,6
2016-749,A263,10
2016-749,V236,12
2016-749,A261,11
2016-749,V350,5
2016-749,P097,2
2016-749,S279,7
2016-749,A305,8
2016-749,A009,1
2016-749,A217,9
2016-749,T372,3
2016-749,T330,4
2016-750,A249,12
2016-750,T096,8
2016-750,T213,10
2016-750,A162,3
2016-750,T236,9
2016-750,P363,11
2016-750,V105,1
2016-750,V131,6
2016-750,T234,7
2016-750,S221,2
2016-750,T093,4
2016-750,S093,5
2016-751,S176,14
2016-751,T136,13
2016-751,S251,12
2016-751,T079,1
2016-751,V377,8
2016-751,T280,11
2016-751,T004,9
2016-751,V215,4
2016-751,T418,5
2016-751,V144,2
2016-751,A012,3
2016-751,T258,7
2016-751,V243,10
2016-751,V309,6
2016-752,A047,7
2016-752,A315,4
2016-752,A075,10
2016-752,V393,9
2016-752,A151,12
2016-752,T205,6
2016-752,A289,8
2016-752,P063,2
2016-752,A015,13
2016-752,N139,5
2016-752,A205,14
2016-752,A127,1
2016-752,A316,3
2016-752,A117,11
2016-753,T118,5
2016-753,V325,2
2016-753,T192,1
2016-753,S145,3
2016-753,S393,4
2016-754,S419,9
2016-754,P310,8
2016-754,A094,6
2016-754,V135,4
2016-754,A257,1
2016-754,T348,3
2016-754,T302,2
2016-754,A139,10
2016-754,A251,7
2016-754,A237,13
2016-754,S420,11
2016-754,V269,5
2016-754,A131,12
2016-755,T099,8
2016-755,V306,5
2016-755,A280,9
2016-755,A078,10
2016-755,V161,2
2016-755,S277,3
2016-755,T381,6
2016-755,S367,1
2016-755,V255,12
2016-755,V225,4
2016-755,A208,11
2016-755,V231,7
2016-756,T092,7
2016-756,T347,14
2016-756,V303,2
2016-756,A266,1
2016-756,A027,10
2016-756,A178,3
2016-756,S426,6
2016-756,P297,5
2016-756,A153,13
2016-756,T265,11
2016-756,S405,9
2016-756,A068,8
2016-756,V338,12
2016-756,T401,4
2016-757,T251,1
2016-757,A025,5
2016-757,A170,2
2016-757,V077,6
2016-757,T301,4
2016-757,S284,3
2016-757,V066,7
2016-757,T268,8
2016-758,A228,1
2016-758,V140,6
2016-758,V316,2
2016-758,T082,8
2016-758,S146,9
2016-758,V407,7
2016-758,T286,5
2016-758,A120,10
2016-758,A096,12
2016-758,A286,3
2016-758,V321,4
2016-758,T421,11
2016-759,T402,4
2016-759,T389,2
2016-759,V411,10
2016-759,V099,11
2016-759,T134,3
2016-759,T186,7
2016-759,T306,6
2016-759,S156,9
2016-759,V078,5
2016-759,T242,8
2016-759,P361,1
2016-760,V002,8
2016-760,A193,7
2016-760,T062,1
2016-760,S358,6
2016-760,V040,3
2016-760,A168,4
2016-760,S362,10
2016-760,T189,5
2016-760,A196,2
2016-760,V150,13
2016-760,A343,9
2016-760,S299,11
2016-760,A173,12
2016-760,A137,14
2016-761,V122,3
2016-761,T019,6
2016-761,T287,12
2016-761,T263,1
2016-761,S338,9
2016-761,P324,5
2016-761,V295,10
2016-761,V354,11
2016-761,T336,8
2016-761,S354,2
2016-761,T187,7
2016-761,P405,4
2016-762,V276,10
2016-762,S439,4
2016-762,S218,7
2016-762,S247,9
2016-762,V011,3
2016-762,V260,6
2016-762,S138,11
2016-762,V164,5
2016-762,T178,8
2016-762,V212,2
2016-762,S073,1
2016-762,T220,12
2016-763,T298,10
2016-763,T333,1
2016-763,T059,8
2016-763,V302,3
2016-763,P099,11
2016-763,N177,6
2016-763,T326,4
2016-763,N432,2
2016-763,V341,7
2016-763,P423,9
2016-763,A063,5
2016-764,A144,10
2016-764,S130,7
2016-764,V074,12
2016-764,S324,11
2016-764,V401,5
2016-764,S291,9
2016-764,S399,6
2016-764,V022,2
2016-764,T232,3
2016-764,V273,4
2016-764,A049,1
2016-764,A059,8
2016-765,A195,11
2016-765,P212,4
2016-765,V200,5
2016-765,T248,9
2016-765,A163,12
2016-765,S216,10
2016-765,A007,1
2016-765,T210,7
2016-765,T427,2
2016-765,V347,6
2016-765,V017,3
2016-765,P435,8
2016-766,T055,10
2016-766,V081,5
2016-766,V016,12
2016-766,V131,7
2016-766,T368,1
2016-766,S199,11
2016-766,T046,3
2016-766,V020,6
2016-766,V279,2
2016-766,V288,8
2016-766,T100,4
2016-766,A218,9
2016-767,S264,8
2016-767,S332,3
2016-767,V381,6
2016-767,T193,4
2016-767,S298,9
2016-767,S253,5
2016-767,T379,11
2016-767,S242,10
2016-767,T151,7
2016-767,A134,12
2016-767,V186,1
2016-767,A066,2
2016-768,T024,7
2016-768,V012,6
2016-768,P041,5
2016-768,P429,8
2016-768,A064,4
2016-768,A203,9
2016-768,S385,2
2016-768,V229,1
2016-768,V412,3
2016-768,P106,10
2016-769,A255,14
2016-769,A174,13
2016-769,A278,3
2016-769,A348,12
2016-769,A318,2
2016-769,A222,6
2016-769,A307,9
2016-769,T373,10
2016-769,V185,8
2016-769,V089,1
2016-769,A123,4
2016-769,S349,11
2016-769,A277,5
2016-769,T345,7
2016-770,P066,8
2016-770,T022,5
2016-770,V141,4
2016-770,S441,12
2016-770,N387,9
2016-770,T123,7
2016-770,T039,13
2016-770,A031,6
2016-770,T356,3
2016-770,S424,2
2016-770,V064,11
2016-770,V313,10
2016-770,T079,1
2016-771,V317,4
2016-771,S176,12
2016-771,T418,2
2016-771,S074,9
2016-771,S300,11
2016-771,V060,1
2016-771,S376,14
2016-771,T203,3
2016-771,T329,8
2016-771,V179,10
2016-771,P128,5
2016-771,T423,6
2016-771,V375,13
2016-771,T045,7
2016-772,V189,4
2016-772,V188,5
2016-772,S437,1
2016-772,A172,6
2016-772,V326,2
2016-772,T146,3
2016-772,A239,8
2016-772,A232,10
2016-772,A246,7
2016-772,A118,9
2016-773,S301,13
2016-773,A045,9
2016-773,A276,10
2016-773,V418,12
2016-773,A204,1
2016-773,A267,14
2016-773,T422,3
2016-773,T138,4
2016-773,A006,2
2016-773,P400,11
2016-773,V117,6
2016-773,V391,8
2016-773,T031,7
2016-773,V284,5
2016-774,V378,8
2016-774,V001,1
2016-774,S326,10
2016-774,V247,12
2016-774,S121,3
2016-774,V323,2
2016-774,T385,6
2016-774,S147,13
2016-774,V336,4
2016-774,T416,11
2016-774,V154,5
2016-774,V072,7
2016-774,T159,14
2016-774,P425,9
2016-775,V142,1
2016-775,T355,9
2016-775,S269,2
2016-775,A115,8
2016-775,T375,12
2016-775,A098,6
2016-775,A041,5
2016-775,T262,3
2016-775,V057,10
2016-775,T184,4
2016-775,V372,14
2016-775,S260,7
2016-775,A293,13
2016-775,A194,11
2016-776,P267,6
2016-776,V111,4
2016-776,S312,8
2016-776,P421,5
2016-776,V187,2
2016-776,T342,3
2016-776,T094,10
2016-776,T236,7
2016-776,A003,9
2016-776,V423,11
2016-776,V333,1
2016-777,V236,13
2016-777,A230,14
2016-777,V217,9
2016-777,V019,5
2016-777,A135,11
2016-777,A088,4
2016-777,A109,10
2016-777,V069,8
2016-777,A260,2
2016-777,V024,1
2016-777,P373,7
2016-777,V176,3
2016-777,A133,12
2016-777,A202,6
2016-778,A235,14
2016-778,A351,11
2016-778,A251,13
2016-778,A295,8
2016-778,A253,9
2016-778,A071,12
2016-778,V248,1
2016-778,T349,5
2016-778,S280,7
2016-778,A296,6
2016-778,A037,10
2016-778,V256,4
2016-778,A079,2
2016-778,V390,3
2016-779,A198,5
2016-779,A020,11
2016-779,A070,10
2016-779,A019,12
2016-779,A325,9
2016-779,A220,8
2016-779,A200,2
2016-779,A271,4
2016-779,A301,1
2016-779,A308,7
2016-779,A207,3
2016-779,A283,6
2016-780,V215,1
2016-780,N387,9
2016-780,T027,14
2016-780,T258,6
2016-780,T071,12
2016-780,S320,3
2016-780,T042,11
2016-780,S241,4
2016-780,V091,10
2016-780,P295,8
2016-780,V309,5
2016-780,S070,2
2016-780,N186,13
2016-780,T259,7
2016-781,T380,10
2016-781,A266,1
2016-781,A081,7
2016-781,T224,3
2016-781,V301,5
2016-781,V123,11
2016-781,A018,13
2016-781,A053,12
2016-781,A110,4
2016-781,V087,2
2016-781,T412,9
2016-781,T332,14
2016-781,S138,8
2016-781,T339,6
2016-782,S367,1
2016-782,V255,9
2016-782,T381,3
2016-782,V226,6
2016-782,S204,12
2016-782,T073,7
2016-782,V182,4
2016-782,A281,10
2016-782,A068,8
2016-782,A270,5
2016-782,A185,11
2016-782,T359,2
2016-783,A104,9
2016-783,S240,5
2016-783,A221,1
2016-783,T099,12
2016-783,A280,13
2016-783,A106,10
2016-783,V421,6
2016-783,A039,7
2016-783,T226,14
2016-783,A130,11
2016-783,A047,8
2016-783,T091,4
2016-783,A177,3
2016-783,V026,2
2016-784,A294,5
2016-784,V254,4
2016-784,A097,3
2016-784,S054,7
2016-784,V368,11
2016-784,A197,10
2016-784,A100,6
2016-784,V404,9
2016-784,S200,2
2016-784,T010,8
2016-784,V055,1
2016-784,V232,12
2016-785,A189,4
2016-785,A030,1
2016-785,T092,7
2016-785,V403,9
2016-785,A152,5
2016-785,V089,2
2016-785,V216,13
2016-785,V416,6
2016-785,A029,12
2016-785,T256,11
2016-785,A140,14
2016-785,S245,3
2016-785,S244,8
2016-785,V312,10
2016-786,T313,9
2016-786,A022,11
2016-786,T392,3
2016-786,A011,5
2016-786,S442,4
2016-786,V264,2
2016-786,T254,1
2016-786,T334,8
2016-786,T248,10
2016-786,V394,7
2016-786,A216,12
2016-786,V118,6
2016-787,V125,6
2016-787,A214,3
2016-787,A129,4
2016-787,T114,2
2016-787,V246,1
2016-787,A002,5
2016-787,V184,9
2016-787,T197,12
2016-787,P230,7
2016-787,T109,10
2016-787,V133,11
2016-787,T315,8
2016-788,A233,14
2016-788,A131,13
2016-788,A297,8
2016-788,T349,3
2016-788,A218,5
2016-788,T376,4
2016-788,T391,9
2016-788,A050,2
2016-788,V071,7
2016-788,T361,6
2016-788,S420,11
2016-788,A137,12
2016-788,A247,10
2016-788,A196,1
2016-789,N317,4
2016-789,A289,9
2016-789,A219,3
2016-789,A259,10
2016-789,A268,5
2016-789,V413,2
2016-789,S185,7
2016-789,T284,1
2016-789,A117,6
2016-789,V386,8
2016-790,S087,4
2016-790,T079,1
2016-790,T288,10
2016-790,V392,11
2016-790,V155,9
2016-790,V044,7
2016-790,T203,5
2016-790,M255,12
2016-790,S113,6
2016-790,T002,3
2016-790,V295,8
2016-790,T295,2
2016-791,V212,2
2016-791,S078,7
2016-791,S247,8
2016-791,V408,12
2016-791,S218,6
2016-791,T218,11
2016-791,V400,9
2016-791,T183,3
2016-791,V303,1
2016-791,T338,4
2016-791,T223,5
2016-791,A004,10
2016-792,V121,11
2016-792,A235,12
2016-792,V107,10
2016-792,V274,9
2016-792,A145,6
2016-792,A059,7
2016-792,T300,4
2016-792,V010,8
2016-792,A179,1
2016-792,A052,5
2016-792,V221,2
2016-792,V273,3
2016-793,T018,4
2016-793,A157,11
2016-793,V014,12
2016-793,A022,6
2016-793,S216,9
2016-793,T341,10
2016-793,A231,5
2016-793,V135,2
2016-793,A089,8
2016-793,T331,3
2016-793,A008,1
2016-793,P310,7
2016-794,A007,1
2016-794,V293,9
2016-794,S397,4
2016-794,V053,11
2016-794,S280,6
2016-794,T405,10
2016-794,S399,3
2016-794,P429,5
2016-794,A305,8
2016-794,V126,2
2016-794,A071,12
2016-794,T024,7
2016-795,T145,4
2016-795,T390,12
2016-795,P423,9
2016-795,S447,10
2016-795,V134,8
2016-795,T363,7
2016-795,T281,5
2016-795,T093,1
2016-795,V279,2
2016-795,V013,11
2016-795,V288,6
2016-795,T409,3
2016-796,T400,4
2016-796,T051,9
2016-796,T171,2
2016-796,V128,8
2016-796,S162,10
2016-796,T200,7
2016-796,V092,1
2016-796,T011,12
2016-796,V052,5
2016-796,V310,3
2016-796,A252,11
2016-796,T293,6
2016-797,P269,3
2016-797,P257,11
2016-797,T285,2
2016-797,A012,1
2016-797,T253,9
2016-797,V252,6
2016-797,T280,8
2016-797,S441,12
2016-797,V283,5
2016-797,T429,4
2016-797,V108,10
2016-797,T054,7
2016-798,S121,2
2016-798,S346,1
2016-798,V091,11
2016-798,T203,4
2016-798,V122,6
2016-798,P293,3
2016-798,S205,7
2016-798,P354,9
2016-798,T019,5
2016-798,V159,8
2016-798,S446,13
2016-798,V406,12
2016-798,V354,10
2016-799,A266,1
2016-799,V088,2
2016-799,T289,3
2016-799,V130,8
2016-799,V086,4
2016-799,T129,5
2016-799,T031,9
2016-799,V402,12
2016-799,V242,11
2016-799,P400,7
2016-799,A128,6
2016-799,A307,10
2016-800,T373,6
2016-800,V243,5
2016-800,S106,9
2016-800,V001,1
2016-800,T202,3
2016-800,A005,10
2016-800,V157,4
2016-800,V171,12
2016-800,V207,11
2016-800,V022,2
2016-800,P272,8
2016-800,A023,14
2016-800,A348,13
2016-800,S138,7
2016-801,S147,13
2016-801,V244,12
2016-801,S414,8
2016-801,N248,3
2016-801,P151,4
2016-801,S388,6
2016-801,V039,5
2016-801,T108,9
2016-801,V263,10
2016-801,S100,11
2016-801,V213,1
2016-801,T105,2
2016-801,S379,14
2016-801,V403,7
2016-802,S096,3
2016-802,S098,13
2016-802,A153,11
2016-802,V205,10
2016-802,A276,6
2016-802,S278,12
2016-802,A222,1
2016-802,S426,5
2016-802,A027,9
2016-802,A110,2
2016-802,T265,7
2016-802,A055,8
2016-802,V102,4
2016-803,A095,4
2016-803,S312,8
2016-803,V192,12
2016-803,T094,10
2016-803,S332,1
2016-803,T376,3
2016-803,V361,7
2016-803,A096,14
2016-803,T046,2
2016-803,A109,9
2016-803,V381,5
2016-803,A135,13
2016-803,A120,11
2016-803,V321,6
2016-804,V397,1
2016-804,A066,4
2016-804,A113,2
2016-804,S393,5
2016-804,V181,3
2016-804,P230,6
2016-804,T118,8
2016-804,T198,7
2016-805,A248,1
2016-805,A286,6
2016-805,A168,5
2016-805,P363,10
2016-805,T117,8
2016-805,A163,12
2016-805,V040,4
2016-805,A139,9
2016-805,S362,7
2016-805,V176,3
2016-805,A164,11
2016-805,A352,2
2016-805,A249,13
2016-806,V118,6
2016-806,A257,1
2016-806,A287,10
2016-806,S419,9
2016-806,V235,8
2016-806,V256,2
2016-806,P396,4
2016-806,A006,3
2016-806,A217,12
2016-806,A337,7
2016-806,V250,11
2016-806,V379,5
2016-807,V411,13
2016-807,V214,8
2016-807,A098,4
2016-807,S358,6
2016-807,A041,3
2016-807,T375,12
2016-807,V372,11
2016-807,V186,1
2016-807,T396,9
2016-807,A183,10
2016-807,V099,14
2016-807,S298,5
2016-807,T242,7
2016-807,T371,2
